Meter Name;Lämmönkulutus;Kaukolämpö
Date;Value
2019-01-15 07:45:40;28613.43
2019-01-14 04:51:21;28598.62
2019-01-13 04:07:52;28586.34
2019-01-12 04:02:05;28574.25
2019-01-11 05:11:09;28563.31
2019-01-10 05:26:27;28550.75
2019-01-09 05:22:38;28537.58
2019-01-08 05:09:02;28524.93
2019-01-07 05:17:29;28512.76
2019-01-06 08:33:00;28503.11
2019-01-05 04:07:06;28488.58
2019-01-04 04:53:54;28476.28
2019-01-03 04:27:32;28462.16
2019-01-02 04:39:32;28448.72
2018-12-31 05:16:03;28428.00
2018-12-30 04:15:43;28415.29
2018-12-29 06:01:30;28404.72
2018-12-28 05:09:50;28392.06
2018-12-27 07:30:26;28381.57
2018-12-27 05:09:03;28380.51
2018-12-26 08:51:12;28371.36
2018-12-23 07:52:40;28337.83
2018-12-22 04:00:09;28322.94
2018-12-21 05:11:41;28310.07
2018-12-20 05:02:10;28297.90
2018-12-19 05:10:20;28285.72
2018-12-18 05:10:16;28273.83
2018-12-17 05:17:39;28262.03
2018-12-15 04:45:45;28237.27
2018-12-14 04:34:56;28224.23
2018-12-13 05:26:42;28212.60
2018-12-12 04:54:14;28200.41
2018-12-11 04:50:48;28189.11
2018-12-10 05:15:58;28178.55
2018-12-09 04:20:51;28168.35
2018-12-08 04:51:10;28158.30
2018-12-07 04:41:26;28146.42
2018-12-06 09:56:56;28138.43
2018-12-05 12:25:11;28129.33
2018-12-05 06:50:33;28125.07
2018-12-04 06:52:31;28114.60
2018-12-03 06:42:57;28102.70
2018-12-02 06:07:22;28091.58
2018-12-01 06:41:53;28081.25
2018-11-30 06:54:59;28070.96
2018-11-29 06:17:21;28059.84
2018-11-28 06:59:58;28047.38
2018-11-27 06:57:58;28034.57
2018-11-26 07:07:29;28022.44
2018-11-24 06:01:51;27999.21
2018-11-23 08:52:49;27989.45
2018-11-22 06:58:33;27976.97
2018-11-21 06:47:28;27964.94
2018-11-20 06:42:23;27953.69
2018-11-19 07:08:09;27942.04
2018-11-18 06:49:57;27931.35
2018-11-17 06:09:54;27922.39
2018-11-16 07:01:07;27914.40
2018-11-15 06:54:00;27906.65
2018-11-14 06:36:05;27898.21
2018-11-13 06:54:10;27890.07
2018-11-12 06:56:00;27881.54
2018-11-11 06:27:54;27873.12
2018-11-10 06:09:09;27864.14
2018-11-09 07:07:49;27855.36
2018-11-08 07:15:37;27847.31
2018-11-07 07:04:11;27839.42
2018-11-06 07:07:41;27831.15
2018-11-05 06:35:21;27822.90
2018-11-04 06:18:10;27815.57
2018-11-03 06:08:18;27808.35
2018-11-02 06:51:37;27800.64
2018-11-01 07:20:46;27792.68
2018-10-31 06:48:12;27784.24
2018-10-30 06:47:42;27773.44
2018-10-29 07:15:34;27762.00
2018-10-28 09:57:32;27753.02
2018-10-27 06:04:24;27740.52
2018-10-26 07:07:52;27729.84
2018-10-25 14:12:47;27723.40
2018-10-24 07:02:58;27711.52
2018-10-21 06:38:40;27690.79
2018-10-20 06:04:44;27682.55
2018-10-19 07:07:10;27674.28
2018-10-18 08:17:23;27667.53
2018-10-17 07:26:39;27661.18
2018-10-16 07:26:06;27654.00
2018-10-15 10:13:33;27649.15
2018-10-14 09:28:01;27643.59
2018-10-13 06:18:56;27637.01
2018-10-12 06:51:59;27631.41
2018-10-11 07:20:10;27625.76
2018-10-10 06:47:19;27619.16
2018-10-09 06:16:30;27612.10
2018-10-08 07:07:29;27604.23
2018-10-07 06:48:53;27596.11
2018-10-06 09:22:48;27590.25
2018-10-05 07:28:06;27582.59
2018-10-04 10:33:04;27575.32
2018-10-03 07:04:52;27565.27
2018-10-02 11:25:18;27559.75
2018-10-01 06:52:08;27550.03
2018-09-30 07:21:16;27543.36
2018-09-29 06:08:19;27535.63
2018-09-28 07:09:27;27527.88
2018-09-27 12:08:56;27522.88
2018-09-26 07:07:49;27514.34
2018-09-25 07:26:55;27508.15
2018-09-24 07:10:13;27500.62
2018-09-23 07:03:38;27494.32
2018-09-22 06:00:25;27488.36
2018-09-21 06:53:45;27482.90
2018-09-20 07:03:49;27478.16
2018-09-19 06:41:47;27473.09
2018-09-18 06:48:00;27466.99
2018-09-17 07:09:37;27461.24
2018-09-16 09:45:34;27456.01
2018-09-15 06:29:38;27448.39
2018-09-14 07:18:32;27442.66
2018-09-13 10:01:02;27437.98
2018-09-12 07:12:29;27432.21
2018-09-11 09:19:40;27427.40
2018-09-10 07:10:20;27422.29
2018-09-09 06:10:24;27417.97
2018-09-08 05:58:29;27414.08
2018-09-07 07:07:58;27410.11
2018-09-05 07:09:21;27401.51
2018-09-04 07:19:12;27396.97
2018-09-03 07:25:09;27392.58
2018-09-02 07:33:12;27388.21
2018-09-01 06:03:03;27383.71
2018-08-31 06:51:55;27379.32
2018-08-30 06:26:01;27374.98
2018-08-29 06:49:44;27370.37
2018-08-28 06:46:07;27365.45
2018-08-27 07:08:46;27360.58
2018-08-26 06:57:12;27355.07
2018-08-25 06:08:15;27348.47
2018-08-24 06:59:45;27343.94
2018-08-22 08:32:41;27333.52
2018-08-21 07:04:48;27325.84
2018-08-20 07:01:01;27319.11
2018-08-17 07:30:52;27303.12
2018-08-16 07:45:24;27299.64
2018-08-15 08:23:14;27295.13
2018-08-14 07:34:31;27290.31
2018-08-13 07:30:14;27285.37
2018-08-10 07:29:25;27276.33
2018-08-09 09:10:08;27275.05
2018-08-08 07:20:08;27272.93
2018-08-07 07:32:57;27270.07
2018-08-06 07:32:27;27266.72
2018-08-03 07:29:21;27263.38
2018-08-02 07:35:23;27263.00
2018-08-01 07:20:00;27262.51
2018-07-31 07:19:33;27261.35
2018-07-30 07:40:58;27260.82
2018-06-13 07:37:15;27173.46
2018-06-12 06:57:29;27171.20
2018-06-08 07:37:01;27162.62
2018-06-07 07:33:39;27159.41
2018-06-06 07:48:01;27155.64
2018-06-05 07:35:37;27151.69
2018-06-04 11:10:57;27149.22
2018-06-01 08:07:18;27143.00
2018-05-31 07:25:57;27141.67
2018-05-29 07:46:34;27139.91
2018-05-28 07:16:25;27139.26
2018-05-27 06:16:16;27134.98
2018-05-26 06:06:01;27130.98
2018-05-25 07:23:22;27126.79
2018-05-24 08:57:54;27122.40
2018-05-23 07:21:00;27117.44
2018-05-22 07:15:11;27113.03
2018-05-21 07:16:41;27108.64
2018-05-20 06:25:06;27104.36
2018-05-19 07:34:17;27099.48
2018-05-18 07:50:48;27094.09
2018-05-17 08:15:46;27089.88
2018-05-16 10:47:02;27086.67
2018-05-15 07:02:53;27081.87
2018-05-14 07:18:27;27077.50
2018-05-13 06:50:47;27073.90
2018-05-12 06:06:34;27069.50
2018-05-11 06:58:50;27064.67
2018-05-10 10:03:56;27061.09
2018-05-09 10:30:47;27056.10
2018-05-08 07:35:05;27050.00
2018-05-07 06:54:06;27044.04
2018-05-06 05:51:04;27038.41
2018-05-05 05:53:57;27032.25
2018-05-04 07:44:19;27024.04
2018-05-03 08:44:41;27017.66
2018-05-02 08:17:16;27008.51
2018-04-30 07:03:58;26994.82
2018-04-29 10:42:03;26988.78
2018-04-28 06:46:10;26981.15
2018-04-27 06:41:11;26973.39
2018-04-26 07:26:07;26966.25
2018-04-25 06:47:16;26957.89
2018-04-24 06:17:58;26948.64
2018-04-23 07:09:52;26940.70
2018-04-22 06:15:48;26933.03
2018-04-21 07:25:40;26926.63
2018-04-20 07:28:58;26919.51
2018-04-19 10:38:24;26912.94
2018-04-18 07:25:00;26904.51
2018-04-17 09:42:10;26895.75
2018-04-16 07:04:00;26885.66
2018-04-15 05:59:28;26878.40
2018-04-14 06:05:18;26871.36
2018-04-13 07:17:49;26863.74
2018-04-12 09:12:32;26855.97
2018-04-11 07:19:13;26846.36
2018-04-10 07:00:15;26837.40
2018-04-09 07:26:28;26827.46
2018-04-08 12:18:33;26821.95
2018-04-07 06:42:12;26810.63
2018-04-06 07:23:33;26800.02
2018-04-05 06:54:23;26790.29
2018-04-04 07:24:22;26780.42
2018-04-03 07:09:16;26770.38
2018-04-02 10:48:42;26761.63
2018-04-01 09:39:40;26752.41
2018-03-31 09:12:29;26743.05
2018-03-30 10:30:55;26733.81
2018-03-29 09:30:16;26723.67
2018-03-28 07:24:04;26712.19
2018-03-27 07:31:53;26701.20
2018-03-26 06:48:02;26689.32
2018-03-25 05:54:38;26679.90
2018-03-24 05:57:52;26669.85
2018-03-23 07:28:07;26659.49
2018-03-22 07:01:48;26649.03
2018-03-21 07:09:32;26637.50
2018-03-20 07:09:03;26625.96
2018-03-19 07:15:40;26615.12
2018-03-18 07:05:50;26605.45
2018-03-17 06:55:24;26594.54
2018-03-15 06:58:02;26570.72
2018-03-14 07:27:40;26559.14
2018-03-13 06:42:44;26547.39
2018-03-12 06:51:05;26535.83
2018-03-11 06:35:14;26525.48
2018-03-10 06:04:04;26514.96
2018-03-09 07:18:25;26504.00
2018-03-08 10:53:53;26494.00
2018-03-07 07:40:06;26480.43
2018-03-06 07:32:53;26467.91
2018-03-05 07:00:58;26455.11
2018-03-04 06:46:21;26443.41
2018-03-03 06:00:55;26430.61
2018-03-02 07:12:12;26418.56
2018-03-01 08:59:49;26406.48
2018-02-28 07:12:37;26391.69
2018-02-27 07:06:45;26377.71
2018-02-26 07:21:27;26364.24
2018-02-25 09:56:35;26353.17
2018-02-24 06:00:59;26338.42
2018-02-23 06:59:27;26325.44
2018-02-22 06:44:35;26312.26
2018-02-21 06:55:46;26298.69
2018-02-20 06:57:38;26285.16
2018-02-19 10:12:30;26272.16
2018-02-18 07:24:20;26261.24
2018-02-17 06:30:43;26249.24
2018-02-16 07:24:11;26237.56
2018-02-15 09:36:59;26227.30
2018-02-14 07:05:25;26215.51
2018-02-13 12:26:29;26207.09
2018-02-12 06:53:53;26192.38
2018-02-11 05:46:07;26180.81
2018-02-10 05:51:46;26169.68
2018-02-09 10:14:50;26159.88
2018-02-08 09:53:15;26147.75
2018-02-07 08:45:17;26134.64
2018-02-06 07:17:29;26120.26
2018-02-05 07:19:37;26107.08
2018-02-04 10:55:21;26096.25
2018-02-03 07:19:42;26081.41
2018-02-02 08:25:48;26069.01
2018-02-01 06:40:42;26056.08
2018-01-31 06:49:07;26043.98
2018-01-30 06:26:54;26031.64
2018-01-29 07:10:24;26020.21
2018-01-28 08:43:17;26009.70
2018-01-27 06:22:48;25998.18
2018-01-26 07:29:48;25987.84
2018-01-25 14:02:34;25980.27
2018-01-24 07:24:31;25966.45
2018-01-23 07:07:19;25953.24
2018-01-22 06:52:03;25939.21
2018-01-21 06:31:10;25925.92
2018-01-20 05:55:10;25912.08
2018-01-19 07:16:28;25899.21
2018-01-18 07:13:06;25886.75
2018-01-17 07:10:27;25873.48
2018-01-16 07:13:38;25860.25
2018-01-15 07:00:12;25847.26
2018-01-14 07:10:57;25835.96
2018-01-13 05:36:48;25823.93
2018-01-12 07:02:11;25812.15
2018-01-11 07:03:44;25800.07
2018-01-10 07:11:48;25788.65
2018-01-09 07:06:29;25777.49
2018-01-08 07:09:03;25766.14
2018-01-07 06:26:07;25755.42
2018-01-06 10:26:24;25746.51
2018-01-05 07:19:49;25734.18
2018-01-04 09:14:22;25723.76
2018-01-03 07:22:17;25711.75
2018-01-02 07:06:30;25700.82
2017-12-31 10:06:55;25683.41
2017-12-30 06:00:17;25670.77
2017-12-29 07:08:32;25659.91
2017-12-28 07:02:25;25648.76
2017-12-27 07:26:33;25637.64
2017-12-26 10:35:00;25628.12
2017-12-23 06:31:03;25599.64
2017-12-22 06:49:23;25589.03
2017-12-21 06:02:33;25578.89
2017-12-20 06:44:12;25569.18
2017-12-19 07:00:27;25558.74
2017-12-18 07:50:34;25548.26
2017-12-17 06:36:50;25537.68
2017-12-16 06:46:16;25527.37
2017-12-15 07:14:26;25516.50
2017-12-14 13:57:22;25508.71
2017-12-13 07:26:22;25494.50
2017-12-12 07:19:50;25483.05
2017-12-11 06:50:38;25472.12
2017-12-10 07:20:31;25462.84
2017-12-09 06:04:14;25452.25
2017-12-08 07:13:35;25442.42
2017-12-07 07:11:12;25431.73
2017-12-06 10:44:56;25423.05
2017-12-05 07:06:47;25410.94
2017-12-04 09:54:59;25401.20
2017-12-03 07:25:09;25390.43
2017-12-02 06:13:48;25380.22
2017-12-01 06:59:43;25369.62
2017-11-30 07:01:08;25360.38
2017-11-29 06:50:21;25350.56
2017-11-28 06:58:07;25340.61
2017-11-27 07:06:24;25331.11
2017-11-26 06:15:28;25320.88
2017-11-25 06:21:13;25310.75
2017-11-24 07:20:42;25301.61
2017-11-23 09:19:42;25292.87
2017-11-22 07:33:48;25281.73
2017-11-21 07:10:30;25270.80
2017-11-20 06:52:21;25260.06
2017-11-19 07:01:17;25251.25
2017-11-18 05:59:38;25242.05
2017-11-17 07:07:02;25232.82
2017-11-16 07:20:25;25223.44
2017-11-15 07:07:43;25213.43
2017-11-14 07:11:48;25202.03
2017-11-13 09:59:30;25193.65
2017-11-12 10:49:40;25184.06
2017-11-11 06:39:11;25173.30
2017-11-10 07:08:41;25164.37
2017-11-09 07:36:40;25155.96
2017-11-08 06:45:57;25145.82
2017-11-07 07:00:33;25136.43
2017-11-06 07:42:01;25127.82
2017-11-05 06:15:10;25120.55
2017-11-04 11:15:48;25114.78
2017-11-03 07:15:43;25104.82
2017-11-02 11:52:59;25096.01
2017-11-02 11:52:29;25096
2017-11-01 07:00:27;25082.39
2017-10-31 07:26:26;25071.52
2017-10-30 06:49:02;25060.77
2017-10-29 06:44:51;25051.46
2017-10-28 05:51:44;25041.21
2017-10-27 07:07:48;25030.00
2017-10-26 07:11:06;25018.94
2017-10-25 08:31:51;25008.21
2017-10-24 07:08:40;24997.28
2017-10-23 14:44:21;24990.62
2017-10-22 06:04:35;24976.00
2017-10-21 06:36:25;24965.31
2017-10-20 06:53:13;24956.06
2017-10-19 05:57:52;24947.36
2017-10-18 06:51:13;24939.58
2017-10-17 06:53:20;24931.89
2017-10-16 07:19:01;24925.21
2017-10-15 09:58:24;24919.46
2017-10-14 06:04:54;24912.32
2017-10-13 07:16:43;24904.73
2017-10-12 08:49:35;24897.10
2017-10-11 07:27:03;24888.84
2017-10-10 09:29:49;24881.61
2017-10-09 06:48:11;24872.98
2017-10-08 08:30:47;24866.24
2017-10-07 06:20:17;24857.93
2017-10-06 07:12:45;24850.50
2017-10-05 07:42:47;24843.39
2017-10-04 07:05:50;24835.89
2017-10-03 07:05:31;24828.98
2017-10-02 07:16:21;24821.79
2017-10-01 10:06:24;24816.15
2017-09-30 06:02:04;24808.22
2017-09-29 07:24:31;24800.90
2017-09-28 07:14:06;24794.27
2017-09-27 06:44:17;24787.40
2017-09-26 06:30:06;24780.74
2017-09-25 07:15:42;24774.34
2017-09-24 08:44:58;24769.00
2017-09-23 06:03:41;24762.06
2017-09-22 07:19:24;24755.24
2017-09-21 09:07:42;24749.31
2017-09-20 07:33:55;24741.51
2017-09-19 08:16:00;24733.72
2017-09-18 06:45:40;24725.75
2017-09-17 06:56:17;24718.77
2017-09-16 05:56:38;24711.35
2017-09-15 07:07:04;24705.04
2017-09-14 07:14:21;24696.88
2017-09-13 07:09:40;24693.00
2017-09-12 07:04:28;24686.95
2017-09-11 07:31:09;24681.15
2017-09-10 06:17:49;24674.81
2017-09-09 06:12:38;24668.52
2017-09-08 06:59:27;24661.60
2017-09-07 07:16:34;24655.37
2017-09-06 06:58:45;24648.83
2017-09-05 06:37:58;24642.08
2017-09-04 07:07:33;24635.55
2017-09-03 06:32:03;24629.71
2017-09-02 06:09:03;24623.75
2017-09-01 06:59:07;24618.01
2017-08-31 07:28:53;24612.80
2017-08-30 07:49:22;24607.34
2017-08-29 07:26:08;24602.15
2017-08-28 06:49:56;24595.76
2017-08-27 06:02:17;24589.56
2017-08-26 06:09:09;24583.67
2017-08-25 07:05:02;24577.84
2017-08-24 07:14:15;24572.33
2017-08-23 07:25:37;24565.76
2017-08-22 05:49:01;24560.12
2017-08-21 09:29:34;24555.90
2017-08-17 07:07:28;24539.97
2017-08-16 06:58:04;24535.24
2017-08-15 07:14:57;24531.02
2017-08-14 07:18:31;24526.94
2017-08-11 07:19:13;24516.49
2017-08-10 07:25:44;24512.99
2017-08-09 07:04:04;24509.60
2017-08-08 07:08:05;24506.42
2017-08-07 07:12:50;24502.04
2017-08-03 07:04:30;24485.67
2017-08-01 07:14:57;24478.81
2017-07-31 07:48:58;24474.24
2017-07-28 07:57:59;24458.57
2017-07-27 09:31:09;24453.56
2017-07-26 10:52:03;24447.74
2017-07-24 09:38:08;24434.74
2017-07-21 07:47:20;24420.91
2017-07-20 08:42:39;24414.68
2017-07-19 07:59:02;24409.16
2017-07-18 07:02:56;24404.96
2017-07-17 10:59:40;24402.54
2017-07-14 06:42:54;24392.83
2017-07-12 07:29:31;24387.16
2017-07-11 07:32:15;24384.41
2017-07-10 08:30:03;24381.97
2017-07-07 07:01:48;24373.49
2017-07-06 07:04:54;24369.67
2017-07-05 07:44:12;24366.34
2017-07-04 08:06:54;24363.26
2017-07-03 07:55:14;24360.16
2017-06-30 09:50:08;24353.89
2017-06-29 09:49:04;24351.38
2017-06-28 13:39:07;24348.45
2017-06-27 12:24:49;24345.06
2017-06-22 07:05:00;24327.79
2017-06-21 07:17:37;24324.57
2017-06-20 07:15:00;24321.07
2017-06-19 07:11:01;24318.31
2017-06-16 07:32:36;24310.31
2017-06-15 07:30:42;24309.24
2017-06-14 07:03:49;24307.84
2017-06-13 07:49:32;24304.60
2017-06-12 07:28:55;24300.28
2017-06-09 07:08:04;24289.84
2017-06-08 07:16:28;24285.66
2017-06-07 07:16:59;24282.55
2017-06-06 07:02:57;24278.34
2017-06-05 07:08:03;24273.05
2017-06-02 06:56:04;24256.46
2017-06-01 07:20:11;24249.50
2017-05-31 08:14:11;24242.28
2017-05-30 07:09:39;24234.67
2017-05-29 07:01:47;24228.18
2017-05-28 06:03:24;24222.60
2017-05-27 06:26:01;24215.44
2017-05-26 06:45:43;24208.92
2017-05-25 09:04:57;24203.71
2017-05-24 06:36:47;24198.64
2017-05-23 07:06:30;24192.78
2017-05-22 07:09:12;24186.79
2017-05-21 06:19:41;24180.79
2017-05-20 06:10:58;24175.44
2017-05-19 07:15:38;24168.90
2017-05-18 13:12:14;24163.55
2017-05-17 07:15:09;24153.13
2017-05-16 07:01:23;24145.91
2017-05-15 07:37:07;24138.36
2017-05-14 06:28:05;24131.86
2017-05-13 05:56:39;24124.33
2017-05-12 07:08:58;24116.51
2017-05-11 07:16:09;24107.78
2017-05-10 07:13:20;24097.54
2017-05-09 07:10:47;24086.29
2017-05-08 07:09:50;24075.91
2017-05-07 12:21:31;24070.07
2017-05-06 06:25:52;24061.20
2017-05-05 06:45:21;24053.91
2017-05-04 06:39:13;24046.30
2017-05-03 06:44:48;24038.47
2017-05-02 06:55:03;24030.52
2017-04-30 06:14:57;24013.79
2017-04-29 06:53:55;24005.45
2017-04-28 07:05:44;23996.41
2017-04-26 07:33:15;23977.63
2017-04-25 06:49:33;23966.33
2017-04-24 07:26:36;23957.69
2017-04-23 06:05:53;23948.13
2017-04-22 06:49:49;23938.42
2017-04-21 07:11:51;23930.10
2017-04-20 13:27:20;23918.20
2017-04-19 07:11:12;23910.87
2017-04-18 07:07:07;23899.61
2017-04-17 09:05:12;23890.66
2017-04-16 12:14:30;23881.84
2017-04-15 10:16:23;23869.11
2017-04-14 11:21:56;23859.66
2017-04-13 15:21:22;23850.42
2017-04-11 07:29:13;23825.78
2017-04-10 07:03:22;23815.49
2017-04-09 11:59:41;23809.53
2017-04-08 06:26:38;23798.47
2017-04-07 07:19:15;23788.75
2017-04-06 09:06:18;23780.18
2017-04-05 07:18:58;23770.31
2017-04-04 07:18:01;23761.33
2017-04-03 06:12:16;23749.61
2017-03-31 07:33:46;23717.98
2017-03-30 10:20:39;23708.81
2017-03-29 06:56:25;23696.04
2017-03-28 07:00:18;23685.85
2017-03-27 07:22:49;23675.32
2017-03-25 06:07:14;23656.97
2017-03-24 06:55:13;23646.74
2017-03-23 07:09:56;23636.41
2017-03-22 06:50:59;23625.75
2017-03-21 06:47:11;23614.48
2017-03-20 07:06:04;23603.92
2017-03-19 06:51:08;23593.27
2017-03-18 06:06:31;23583.13
2017-03-17 07:11:30;23573.55
2017-03-16 10:28:00;23565.08
2017-03-15 07:14:09;23554.16
2017-03-14 09:36:04;23543.58
2017-03-13 06:47:44;23531.75
2017-03-12 06:52:46;23521.98
2017-03-11 05:53:04;23511.01
2017-03-10 07:46:19;23499.85
2017-03-09 10:34:47;23489.43
2017-03-08 07:17:14;23475.62
2017-03-07 07:06:08;23462.54
2017-03-06 07:19:33;23449.87
2017-03-05 06:09:26;23437.57
2017-03-04 06:21:10;23425.94
2017-03-03 06:49:15;23413.62
2017-03-02 07:27:04;23402.50
2017-03-01 06:45:35;23390.78
2017-02-28 06:39:25;23379.30
2017-02-27 07:36:49;23366.85
2017-02-26 06:21:18;23354.04
2017-02-25 06:05:46;23342.12
2017-02-24 07:06:18;23328.12
2017-02-22 07:02:02;23301.32
2017-02-21 06:58:25;23288.33
2017-02-20 06:45:47;23275.27
2017-02-19 06:17:57;23264.54
2017-02-18 05:59:57;23253.72
2017-02-17 07:15:19;23243.86
2017-02-16 07:43:35;23232.17
2017-02-15 07:04:50;23220.68
2017-02-14 07:04:48;23210.03
2017-02-13 07:18:56;23199.06
2017-02-12 08:26:42;23188.28
2017-02-11 06:18:17;23174.70
2017-02-10 06:47:48;23160.53
2017-02-09 07:41:14;23147.27
2017-02-08 06:42:16;23132.69
2017-02-07 06:47:59;23117.61
2017-02-06 07:04:27;23103.36
2017-02-05 06:21:33;23091.88
2017-02-04 06:06:12;23080.14
2017-02-03 07:13:51;23068.37
2017-02-02 06:58:59;23056.74
2017-02-01 07:08:26;23044.81
2017-01-31 07:00:48;23032.68
2017-01-30 06:42:58;23020.59
2017-01-29 06:48:54;23010.22
2017-01-28 05:52:43;22999.07
2017-01-27 07:03:50;22988.50
2017-01-26 08:16:43;22978.61
2017-01-25 07:10:01;22965.95
2017-01-24 06:56:54;22952.65
2017-01-23 07:02:49;22941.55
2017-01-22 06:59:02;22931.76
2017-01-21 06:22:08;22920.89
2017-01-20 06:49:11;22909.20
2017-01-18 06:49:21;22887.27
2017-01-17 06:45:01;22875.00
2017-01-16 06:58:07;22862.00
2017-01-15 06:17:38;22848.33
2017-01-14 06:04:35;22836.62
2017-01-13 07:20:14;22825.43
2017-01-12 09:17:39;22814.16
2017-01-11 07:23:46;22800.40
2017-01-10 07:13:12;22788.27
2017-01-08 06:03:12;22764.05
2017-01-07 06:02:28;22751.52
2017-01-06 09:32:26;22739.69
2017-01-05 09:32:58;22724.38
2017-01-04 06:56:44;22707.10
2017-01-03 07:00:32;22692.88
2017-01-02 06:56:08;22679.17
2016-12-31 06:20:52;22658.71
2016-12-30 07:30:27;22648.47
2016-12-29 07:01:04;22636.72
2016-12-28 07:45:58;22624.44
2016-12-27 11:29:21;22616.10
2016-12-26 11:19:16;22607.03
2016-12-23 17:12:08;22582.66
2016-12-22 18:59:43;22575.41
2016-12-21 08:13:58;22564.53
2016-12-20 07:25:13;22556.62
2016-12-19 07:28:43;22549.08
2016-12-18 08:21:33;22541.36
2016-12-17 10:09:28;22533.86
2016-12-16 10:28:59;22524.44
2016-12-14 15:10:46;22507.92
2016-12-13 15:36:03;22498.98
2016-12-12 16:53:24;22489.49
2016-12-09 07:10:57;22455.38
2016-12-08 11:42:55;22449.21
2016-12-07 08:54:41;22441.64
2016-12-06 10:03:28;22431.54
2016-12-05 12:54:24;22421.16
2016-12-04 06:19:19;22406.72
2016-12-03 06:42:04;22393.43
2016-12-02 10:01:40;22382.40
2016-12-01 09:28:42;22369.72
2016-11-30 07:23:58;22358.06
2016-11-29 09:28:54;22346.87
2016-11-28 07:01:56;22332.56
2016-11-27 05:59:55;22320.28
2016-11-26 09:32:42;22311.47
2016-11-25 07:03:48;22298.30
2016-11-24 08:36:31;22288.25
2016-11-23 07:17:55;22278.18
2016-11-22 07:15:30;22268.01
2016-11-21 07:06:04;22258.37
2016-11-20 13:52:57;22251.69
2016-11-19 06:29:42;22237.98
2016-11-18 06:43:01;22227.67
2016-11-17 07:20:45;22217.52
2016-11-16 06:32:28;22205.98
2016-11-15 06:43:59;22194.11
2016-11-14 06:53:30;22182.01
2016-11-13 06:32:34;22171.92
2016-11-12 06:08:23;22160.52
2016-11-11 07:10:23;22148.91
2016-11-10 07:26:43;22136.46
2016-11-09 07:00:28;22123.62
2016-11-08 06:57:07;22110.23
2016-11-07 06:48:28;22096.33
2016-11-06 06:01:27;22083.82
2016-11-05 06:10:47;22072.27
2016-11-04 07:25:13;22060.65
2016-11-03 14:08:38;22050.60
2016-11-02 07:11:52;22037.60
2016-11-01 06:59:37;22026.33
2016-10-31 07:00:39;22015.97
2016-10-30 07:56:38;22007.27
2016-10-29 06:24:35;21997.37
2016-10-28 06:53:14;21988.13
2016-10-27 07:21:30;21978.98
2016-10-26 06:39:53;21967.31
2016-10-25 06:40:38;21955.77
2016-10-24 07:12:18;21945.44
2016-10-22 05:54:06;21925.14
2016-10-21 07:24:26;21915.35
2016-10-20 07:12:28;21905.68
2016-10-19 07:06:37;21896.24
2016-10-18 07:01:21;21886.92
2016-10-17 06:40:22;21877.26
2016-10-16 07:20:43;21868.40
2016-10-15 05:50:33;21858.23
2016-10-14 07:08:51;21848.61
2016-10-13 06:56:47;21839.28
2016-10-12 07:06:33;21829.37
2016-10-11 07:06:08;21819.49
2016-10-10 07:27:25;21809.87
2016-10-09 05:59:00;21800.20
2016-10-08 05:57:27;21791.59
2016-10-07 06:49:13;21783.39
2016-10-06 06:58:26;21774.68
2016-10-05 06:39:34;21765.60
2016-10-04 06:37:34;21756.92
2016-10-03 07:29:55;21748.93
2016-10-02 10:04:24;21742.76
2016-10-01 06:05:39;21734.78
2016-09-30 07:17:57;21728.57
2016-09-29 08:32:05;21721.66
2016-09-28 07:16:01;21714.14
2016-09-27 07:27:47;21708.22
2016-09-26 06:45:36;21701.78
2016-09-25 07:19:13;21695.30
2016-09-24 05:57:33;21687.50
2016-09-23 07:01:38;21680.08
2016-09-22 09:59:23;21673.34
2016-09-21 07:03:30;21667.28
2016-09-20 07:13:33;21660.68
2016-09-19 07:02:41;21653.59
2016-09-18 11:54:02;21647.67
2016-09-17 05:58:07;21638.90
2016-09-16 06:53:51;21632.78
2016-09-15 07:50:45;21627.30
2016-09-14 06:44:15;21621.24
2016-09-13 06:50:22;21615.24
2016-09-12 07:03:16;21609.43
2016-09-11 06:12:52;21604.04
2016-09-10 06:43:06;21597.74
2016-09-09 07:24:24;21592.37
2016-09-08 13:40:53;21587.87
2016-09-07 07:17:21;21581.58
2016-09-06 09:26:51;21576.61
2016-09-05 06:50:04;21569.56
2016-09-04 06:57:25;21564.10
2016-09-03 05:53:45;21558.24
2016-09-02 07:13:26;21553.12
2016-09-01 07:46:37;21548.45
2016-08-31 07:24:24;21543.04
2016-08-30 07:24:05;21536.40
2016-08-29 07:20:42;21528.02
2016-08-28 09:29:30;21523.30
2016-08-27 10:55:45;21518.84
2016-08-26 06:45:05;21512.30
2016-08-25 08:04:10;21507.65
2016-08-24 06:45:52;21502.28
2016-08-19 07:17:11;21472.92
2016-08-18 08:06:28;21467.49
2016-08-17 07:49:35;21463.68
2016-08-16 07:24:17;21458.65
2016-08-15 08:17:34;21453.72
2016-08-12 07:51:43;21438.39
2016-08-11 07:20:22;21433.67
2016-08-10 07:31:11;21425.79
2016-08-09 07:22:57;21419.60
2016-08-08 07:18:25;21417.44
2016-08-05 07:48:14;21411.79
2016-08-04 07:30:03;21409.49
2016-08-03 07:27:03;21408.33
2016-08-02 07:35:29;21406.94
2016-08-01 10:43:30;21405.84
2016-07-29 07:21:41;21403.12
2016-07-28 07:19:26;21401.66
2016-07-27 07:51:56;21400.36
2016-07-26 07:26:46;21399.15
2016-07-25 13:11:16;21397.79
2016-07-22 09:56:54;21389.53
2016-07-21 08:21:57;21387.00
2016-07-20 08:19:13;21385.00
2016-07-18 07:36:31;21380.40
2016-07-07 07:32:55;21350.45
2016-07-06 07:39:28;21347.87
2016-07-04 07:01:57;21344.20
2016-07-01 07:31:56;21337.31
2016-06-30 10:03:44;21335.22
2016-06-28 12:06:33;21330.69
2016-06-23 06:56:09;21314.32
2016-06-22 06:59:14;21312.64
2016-06-21 07:29:34;21310.44
2016-06-20 06:53:36;21307.76
2016-06-17 06:56:24;21297.98
2016-06-16 07:00:01;21293.64
2016-06-15 08:03:28;21290.92
2016-06-14 07:01:10;21286.41
2016-06-13 07:32:16;21281.90
2016-06-10 07:49:31;21269.38
2016-06-08 07:28:45;21260.35
2016-06-07 07:00:53;21256.60
2016-06-06 06:59:34;21251.87
2016-06-03 07:21:57;21241.85
2016-06-02 07:04:38;21240
2016-06-01 07:24:34;21238.98
2016-05-30 07:41:43;21236.89
2016-05-29 07:04:31;21230.45
2016-05-28 06:07:00;21225.68
2016-05-27 08:55:59;21220.37
2016-05-26 08:58:29;21213.44
2016-05-25 08:57:06;21207.85
2016-05-24 11:23:59;21203.57
2016-05-23 06:53:07;21197.73
2016-05-22 07:41:34;21192.76
2016-05-21 06:06:38;21186.52
2016-05-20 07:12:20;21180.65
2016-05-19 10:21:44;21175.10
2016-05-18 07:27:42;21167.33
2016-05-17 07:34:01;21160.02
2016-05-16 07:48:52;21151.90
2016-05-15 12:50:07;21145.40
2016-05-14 07:19:46;21135.61
2016-05-13 06:43:39;21129.42
2016-05-12 07:00:00;21123.54
2016-05-11 07:34:25;21117.52
2016-05-10 08:52:10;21112.00
2016-05-09 07:11:21;21106.28
2016-05-08 08:55:04;21101.50
2016-05-07 07:00:01;21096.45
2016-05-06 07:17:25;21090.36
2016-05-05 11:50:16;21086.16
2016-05-04 07:23:10;21078.93
2016-05-03 09:25:20;21073.47
2016-05-02 14:52:53;21068.50
2016-04-30 06:13:00;21054.27
2016-04-29 08:16:38;21047.93
2016-04-28 08:42:07;21040.66
2016-04-27 07:27:37;21030.87
2016-04-26 06:52:48;21020.19
2016-04-25 14:01:34;21012.84
2016-04-24 12:36:09;21003.21
2016-04-23 06:31:44;20992.06
2016-04-22 07:12:24;20983.89
2016-04-21 10:30:21;20977
2016-04-20 07:32:47;20965
2016-04-19 06:52:31;20955
2016-04-18 07:06:16;20946.34
2016-04-17 09:46:39;20938.01
2016-04-16 06:22:06;20930.23
2016-04-15 07:18:51;20921.58
2016-04-14 13:59:08;20914.98
2016-04-13 07:27:01;20903
2016-04-12 09:34:00;20895
2016-04-11 06:56:30;20885.50
2016-04-10 06:06:49;20877.08
2016-04-09 06:04:54;20867.08
2016-04-08 07:07:01;20857.69
2016-04-07 07:34:10;20848.46
2016-04-06 07:06:25;20838.92
2016-04-05 07:11:20;20829.03
2016-04-04 07:44:10;20820
2016-04-03 12:34:48;20813.32
2016-04-02 08:33:14;20802.81
2016-04-01 09:04:15;20792.68
2016-03-31 08:41:07;20781.43
2016-03-30 07:32:37;20772
2016-03-29 07:39:44;20763
2016-03-28 11:03:42;20755.77
2016-03-27 10:43:20;20747.02
2016-03-26 10:49:23;20739
2016-03-25 10:30:36;20729
2016-03-24 10:45:22;20718.77
2016-03-23 07:36:07;20705.93
2016-03-22 07:33:54;20694.84
2016-03-21 07:28:42;20682
2016-03-19 06:25:50;20660
2016-03-18 07:05:18;20649.57
2016-03-17 10:15:21;20640.01
2016-03-16 07:02:59;20629.64
2016-03-15 07:04:22;20619.09
2016-03-14 15:39:52;20612
2016-03-13 11:59:54;20599.93
2016-03-12 06:46:26;20586.04
2016-03-11 10:35:05;20577
2016-03-10 06:57:43;20564
2016-03-09 09:44:10;20554
2016-03-08 07:04:34;20541
2016-03-07 07:04:48;20530.15
2016-03-06 06:43:14;20519.50
2016-03-05 05:58:56;20508.12
2016-03-04 07:21:33;20496.98
2016-03-03 09:54:41;20485.92
2016-03-02 07:18:31;20472.33
2016-03-01 09:35:57;20461.42
2016-02-29 07:41:08;20447
2016-02-28 08:35:59;20435
2016-02-27 10:53:56;20426
2016-02-26 07:06:55;20411.08
2016-02-25 07:51:27;20399.74
2016-02-24 07:07:21;20387.53
2016-02-23 14:49:24;20379.70
2016-02-22 10:41:30;20365.01
2016-02-20 06:03:44;20339.87
2016-02-19 09:39:48;20330
2016-02-18 10:18:40;20318
2016-02-17 07:44:07;20305
2016-02-16 07:13:34;20293
2016-02-15 09:23:04;20282.90
2016-02-14 12:38:52;20273.49
2016-02-13 09:40:30;20260.59
2016-02-12 07:48:51;20248.14
2016-02-11 08:55:37;20237.75
2016-02-10 07:22:04;20226.47
2016-02-09 07:19:24;20215.84
2016-02-08 07:24:09;20205
2016-02-07 09:53:25;20195
2016-02-06 06:30:15;20183
2016-02-05 12:53:21;20174
2016-02-04 09:14:25;20160.76
2016-02-03 10:11:22;20149.44
2016-02-02 06:57:32;20135.86
2016-02-01 07:23:23;20124.37
2016-01-31 10:04:41;20114.47
2016-01-30 05:56:19;20101.88
2016-01-29 07:22:15;20091
2016-01-28 09:39:22;20081
2016-01-27 07:40:04;20070
2016-01-26 09:49:11;20060
2016-01-25 07:04:31;20047.31
2016-01-24 08:02:21;20037.06
2016-01-23 06:05:41;20024.48
2016-01-22 07:02:47;20012.00
2016-01-21 08:40:02;19998.44
2016-01-20 07:20:33;19983.91
2016-01-19 06:55:41;19968.96
2016-01-18 07:21:07;19954
2016-01-17 09:34:49;19942
2016-01-16 06:30:32;19928
2016-01-15 07:09:28;19915.99
2016-01-14 07:13:50;19902.63
2016-01-13 07:07:18;19889.15
2016-01-12 07:09:10;19875.86
2016-01-11 07:05:02;19863.06
2016-01-10 11:00:01;19853.30
2016-01-09 06:03:15;19840.42
2016-01-08 07:21:42;19827
2016-01-07 10:20:31;19814
2016-01-06 11:06:54;19799
2016-01-05 08:50:21;19783
2016-01-04 07:14:10;19767.41
2016-01-03 06:23:34;19753.69
2016-01-02 06:34:14;19739.64
2015-12-31 08:26:32;19718.13
2015-12-29 12:16:17;19695.52
2015-12-28 09:56:37;19680
2015-12-27 06:07:38;19667
2015-12-26 09:59:36;19658
2015-12-23 07:19:31;19632.26
2015-12-22 07:11:17;19622.63
2015-12-21 10:53:26;19615.24
2015-12-20 09:23:26;19606.65
2015-12-19 13:53:40;19599.86
2015-12-18 08:29:44;19588
2015-12-17 09:55:11;19578
2015-12-16 07:44:01;19567
2015-12-15 08:33:45;19558
2015-12-14 06:56:29;19546.88
2015-12-13 08:22:59;19537.40
2015-12-12 06:03:07;19526.56
2015-12-11 07:18:10;19517.94
2015-12-10 10:43:35;19510.60
2015-12-09 07:01:56;19500.29
2015-12-08 07:00:46;19490.34
2015-12-07 07:36:35;19481
2015-12-06 12:15:58;19475
2015-12-05 10:05:33;19466
2015-12-04 07:05:52;19455.86
2015-12-03 10:23:22;19446.01
2015-12-02 07:09:14;19435.22
2015-12-01 07:06:23;19425.11
2015-11-30 07:05:19;19415.17
2015-11-29 08:18:59;19406.02
2015-11-28 06:03:49;19396.05
2015-11-27 07:45:27;19388
2015-11-26 10:08:07;19379
2015-11-25 07:36:18;19369
2015-11-24 08:52:17;19359
2015-11-23 07:10:54;19346.37
2015-11-22 06:14:59;19335.93
2015-11-21 06:05:25;19325.74
2015-11-20 07:00:05;19316.09
2015-11-19 09:13:57;19307.36
2015-11-18 07:41:05;19297.28
2015-11-17 06:56:07;19287.52
2015-11-16 07:34:44;19277
2015-11-15 06:04:59;19268
2015-11-14 06:36:11;19259
2015-11-13 07:06:09;19250.80
2015-11-12 07:50:59;19241.63
2015-11-11 07:04:34;19232.02
2015-11-10 07:07:54;19223.18
2015-11-09 07:07:28;19214.46
2015-11-08 07:26:31;19206.41
2015-11-07 06:00:22;19197.74
2015-11-06 07:29:27;19190
2015-11-05 08:48:21;19182
2015-11-04 07:42:42;19173
2015-11-03 07:29:22;19165.69
2015-11-02 07:09:39;19158.12
2015-11-01 09:46:13;19151.53
2015-10-31 09:37:26;19144.57
2015-10-30 07:00:41;19135.51
2015-10-29 08:08:31;19126.94
2015-10-28 07:06:16;19116.76
2015-10-27 06:59:37;19107.10
2015-10-26 06:30:41;19099.02
2015-10-24 06:23:09;19084.05
2015-10-23 07:06:26;19076.27
2015-10-22 09:44:38;19069.22
2015-10-21 07:02:18;19060.18
2015-10-20 07:04:52;19051.40
2015-10-18 08:13:39;19035.96
2015-10-17 06:03:13;19027.31
2015-10-16 06:30:15;19019.21
2015-10-15 07:41:05;19011.65
2015-10-14 06:33:41;19002.62
2015-10-13 06:37:42;18994.18
2015-10-12 07:32:25;18986.16
2015-10-11 06:55:29;18976.87
2015-10-10 06:04:27;18966.45
2015-10-09 07:22:07;18957.47
2015-10-08 07:21:31;18948.32
2015-10-07 07:26:57;18939.24
2015-10-06 07:09:31;18930.29
2015-10-05 06:34:41;18922.25
2015-10-04 07:04:54;18915.64
2015-10-03 05:35:55;18909.00
2015-10-02 07:05:38;18903.42
2015-10-01 08:10:01;18897.20
2015-09-30 07:07:57;18891.00
2015-09-29 07:04:22;18884.38
2015-09-28 07:05:28;18877.76
2015-09-27 09:50:37;18871.98
2015-09-26 06:01:11;18864.93
2015-09-25 06:35:57;18858.79
2015-09-24 08:39:28;18852.70
2015-09-23 06:25:11;18845.24
2015-09-22 06:47:46;18839.22
2015-09-21 07:11:09;18833.53
2015-09-20 08:07:50;18828.35
2015-09-19 06:08:33;18822.56
2015-09-18 07:00:37;18816.93
2015-09-17 07:06:57;18811.26
2015-09-16 06:59:04;18805.35
2015-09-15 07:22:42;18800.20
2015-09-14 06:23:51;18794.14
2015-09-13 05:54:32;18788.91
2015-09-12 05:55:01;18783.94
2015-09-11 07:06:17;18779.11
2015-09-10 07:19:36;18774.04
2015-09-09 07:09:22;18768.30
2015-09-08 07:00:35;18761.38
2015-09-06 10:12:22;18750.76
2015-09-05 06:01:38;18744.25
2015-09-04 06:38:02;18739.19
2015-09-03 07:01:39;18733.15
2015-09-02 06:43:05;18726.79
2015-09-01 06:30:32;18721.66
2015-08-31 07:08:24;18717.45
2015-08-30 06:25:07;18712.84
2015-08-29 06:13:18;18708.14
2015-08-28 07:04:13;18703.81
2015-08-27 07:05:55;18699
2015-08-26 07:03:51;18694
2015-08-25 09:17:31;18691.57
2015-08-24 06:42:10;18687.73
2015-08-23 06:13:10;18684.37
2015-08-22 05:56:52;18680.56
2015-08-21 07:09:27;18676.99
2015-08-20 10:01:10;18673.61
2015-08-19 07:01:46;18669.60
2015-08-18 07:11:33;18665.94
2015-08-17 07:06:20;18662.08
2015-08-14 07:26:15;18652.09
2015-08-13 07:04:47;18648.51
2015-08-12 07:19:12;18644.87
2015-08-11 07:09:25;18641.75
2015-08-10 07:35:14;18639.34
2015-08-07 07:12:56;18631.93
2015-08-06 06:44:52;18628.72
2015-08-05 06:48:02;18625.56
2015-08-04 06:46:55;18622.62
2015-08-03 07:11:29;18618.95
2015-07-31 06:50:46;18610.16
2015-07-30 06:51:32;18607.26
2015-07-29 06:54:58;18604.82
2015-07-28 07:10:03;18602.28
2015-07-27 06:52:54;18599.22
2015-07-24 06:42:11;18590.40
2015-07-23 06:41:03;18587.46
2015-07-22 06:49:01;18584.68
2015-07-21 06:35:13;18582.23
2015-07-20 07:11:08;18579.57
2015-07-17 07:47:30;18570.90
2015-07-16 07:00:10;18568.21
2015-07-15 07:31:04;18565.58
2015-07-14 07:22:51;18562.11
2015-07-13 07:37:48;18558.33
2015-07-10 06:59:44;18551.30
2015-07-09 07:27:37;18548.19
2015-07-08 06:58:20;18544.52
2015-07-07 06:59:14;18542.91
2015-07-06 06:54:21;18541.79
2015-07-03 06:55:25;18538.86
2015-07-02 06:51:44;18538.06
2015-07-01 06:36:25;18536.51
2015-06-30 06:51:07;18534.48
2015-06-29 06:56:46;18533.36
2015-06-28 07:03:16;18530.10
2015-06-27 06:34:38;18525.70
2015-06-26 06:47:01;18521.63
2015-06-25 07:04:38;18518.16
2015-06-24 07:26:16;18514.49
2015-06-23 07:50:07;18512.16
2015-06-22 06:31:37;18508.96
2015-06-18 06:51:17;18496.34
2015-06-17 06:44:55;18493.32
2015-06-16 06:55:08;18490.10
2015-06-15 06:38:07;18486.70
2015-06-12 06:34:31;18478.10
2015-06-11 06:19:56;18474.31
2015-06-10 06:35:15;18470.60
2015-06-09 07:08:54;18466.80
2015-06-08 06:30:38;18462.57
2015-06-05 06:36:03;18451.26
2015-06-04 06:48:34;18447.07
2015-06-03 06:40:07;18442.51
2015-06-02 06:48:57;18438.16
2015-06-01 06:45:45;18433.64
2015-05-29 10:09:35;18422.10
2015-05-28 06:57:37;18417.73
2015-05-27 07:10:13;18413.59
2015-05-26 06:56:34;18409.12
2015-05-25 07:08:10;18405.53
2015-05-24 14:25:42;18402.23
2015-05-22 06:36:35;18388.22
2015-05-21 07:53:14;18382.68
2015-05-20 06:40:51;18376.06
2015-05-19 06:38:01;18369.86
2015-05-18 07:14:48;18363.56
2015-05-17 06:32:21;18356.88
2015-05-16 06:02:47;18348.95
2015-05-15 07:28:30;18340.81
2015-05-14 10:22:15;18334.68
2015-05-13 07:16:24;18325.71
2015-05-12 06:44:42;18318.71
2015-05-11 06:38:49;18311.92
2015-05-10 06:32:38;18304.99
2015-05-09 05:59:22;18296.83
2015-05-08 07:28:10;18290.15
2015-05-07 09:50:54;18284.01
2015-05-06 07:05:45;18276.34
2015-05-05 07:05:59;18269.56
2015-05-04 07:25:40;18262.92
2015-05-03 07:14:38;18255.54
2015-05-02 06:56:06;18248.24
2015-04-30 06:45:33;18236.09
2015-04-29 07:33:52;18227.01
2015-04-28 06:32:01;18218.32
2015-04-27 07:08:34;18210.84
2015-04-26 06:35:07;18202.67
2015-04-25 07:31:06;18195.88
2015-04-24 07:09:38;18187.94
2015-04-22 07:32:27;18172.40
2015-04-21 10:10:51;18165.52
2015-04-20 06:29:07;18156.55
2015-04-19 06:56:45;18149.03
2015-04-18 05:54:52;18140.10
2015-04-17 06:53:00;18131
2015-04-16 08:02:05;18122
2015-04-15 07:10:28;18112
2015-04-14 08:48:00;18103
2015-04-13 07:03:12;18093.71
2015-04-12 08:01:03;18085.60
2015-04-11 05:54:16;18077.24
2015-04-09 08:34:59;18061.66
2015-04-07 09:45:04;18044.77
2015-04-06 09:40:34;18035.51
2015-04-05 09:47:10;18026.38
2015-04-04 08:35:46;18016.63
2015-04-03 10:00:58;18008.17
2015-04-01 06:42:33;17988.09
2015-03-31 07:19:39;17978.17
2015-03-30 06:42:59;17967.77
2015-03-29 07:31:39;17959.86
2015-03-28 05:58:07;17949.20
2015-03-27 07:05:17;17939.49
2015-03-26 06:55:58;17929.02
2015-03-25 07:05:54;17918.32
2015-03-24 07:05:13;17907.98
2015-03-23 07:03:15;17897.56
2015-03-22 13:10:07;17890.23
2015-03-21 06:02:54;17875.84
2015-03-20 06:53:27;17866.17
2015-03-19 08:25:38;17857.90
2015-03-18 06:32:40;17848.40
2015-03-17 06:37:26;17839.16
2015-03-16 08:51:52;17831
2015-03-13 07:38:35;17801.93
2015-03-12 10:25:42;17792.76
2015-03-11 07:00:35;17781.08
2015-03-10 07:05:34;17770
2015-03-09 06:42:45;17761.06
2015-03-06 09:36:17;17732
2015-03-05 12:47:08;17722
2015-03-04 07:08:16;17708.92
2015-03-03 07:37:07;17698
2015-03-02 07:03:05;17687.38
2015-03-01 08:14:26;17677.72
2015-02-28 06:08:35;17665.80
2015-02-27 06:46:30;17654.95
2015-02-26 06:49:17;17644.26
2015-02-25 06:36:27;17633.39
2015-02-24 06:38:28;17622.24
2015-02-23 07:31:40;17611.64
2015-02-22 06:34:40;17600.76
2015-02-21 06:14:17;17589.69
2015-02-20 07:18:45;17578
2015-02-19 07:09:28;17568.16
2015-02-18 07:07:26;17556.66
2015-02-17 05:54:48;17543.77
2015-02-16 06:49:03;17531.08
2015-02-15 06:06:44;17518.84
2015-02-14 05:47:31;17507.43
2015-02-13 07:01:26;17496.46
2015-02-12 09:09:53;17486
2015-02-11 07:06:00;17474.83
2015-02-10 07:11:12;17464.94
2015-02-09 07:07:38;17454.23
2015-02-08 07:15:27;17442.84
2015-02-07 05:58:43;17431.66
2015-02-06 06:53:17;17421.64
2015-02-05 12:25:54;17412.36
2015-02-04 07:01:18;17397.41
2015-02-03 06:35:31;17384.91
2015-02-02 07:28:17;17373.40
2015-02-01 08:13:17;17362.90
2015-01-31 06:06:23;17350.59
2015-01-30 06:56:09;17339.59
2015-01-29 06:53:53;17328.38
2015-01-28 06:54:52;17316.82
2015-01-27 07:00:05;17305.26
2015-01-26 06:40:24;17293.33
2015-01-25 06:56:53;17282.47
2015-01-24 06:06:49;17270.40
2015-01-23 07:09:35;17257.60
2015-01-22 07:06:49;17243.42
2015-01-21 07:12:24;17229.85
2015-01-20 07:03:24;17216.70
2015-01-19 07:02:20;17204.31
2015-01-18 07:40:03;17193.76
2015-01-17 05:59:14;17181.91
2015-01-16 06:40:23;17171.28
2015-01-15 07:31:57;17160.61
2015-01-14 06:37:39;17149.00
2015-01-13 07:00:49;17137.56
2015-01-12 07:13:00;17124.00
2015-01-11 08:06:20;17111.43
2015-01-10 06:13:44;17098.57
2015-01-09 07:04:06;17087.83
2015-01-08 10:01:05;17077.88
2015-01-07 06:47:39;17064.95
2015-01-06 10:15:06;17053.86
2015-01-05 06:32:10;17037.27
2015-01-04 07:21:32;17026.29
2015-01-03 06:01:09;17014.55
2015-01-02 07:03:07;17003.72
2014-12-31 07:10:51;16985.55
2014-12-30 09:46:05;16975.71
2014-12-29 07:16:11;16960.73
2014-12-28 06:17:28;16946.72
2014-12-27 06:06:28;16933.88
2014-12-26 10:44:47;16925.02
2014-12-23 06:12:12;16889.07
2014-12-22 07:12:11;16877.71
2014-12-21 06:53:10;16867.26
2014-12-20 06:07:26;16856.53
2014-12-19 06:58:34;16846.87
2014-12-18 07:02:28;16836.18
2014-12-17 07:20:19;16825.38
2014-12-16 06:41:04;16814.30
2014-12-15 06:34:05;16803.84
2014-12-12 07:09:04;16772.89
2014-12-11 06:53:07;16762.41
2014-12-10 07:18:25;16752.15
2014-12-09 07:09:09;16741.53
2014-12-08 07:01:33;16731.32
2014-12-07 06:10:43;16721.37
2014-12-06 09:00:32;16712.64
2014-12-05 06:41:46;16701.49
2014-12-04 06:27:38;16691.57
2014-12-03 07:01:02;16681.67
2014-12-02 06:32:05;16670.49
2014-12-01 07:09:57;16658.85
2014-11-30 06:21:28;16648.08
2014-11-29 05:52:41;16637.19
2014-11-28 06:43:06;16626.82
2014-11-27 08:59:28;16617.71
2014-11-26 07:07:39;16606.28
2014-11-25 07:01:15;16596.08
2014-11-24 06:24:09;16584.94
2014-11-23 12:57:27;16577.51
2014-11-21 06:36:56;16551.06
2014-11-20 07:26:56;16539.39
2014-11-19 07:03:56;16527.17
2014-11-18 07:06:20;16515.60
2014-11-17 07:04:18;16504.45
2014-11-16 08:28:59;16494.36
2014-11-15 05:57:18;16482.47
2014-11-14 06:34:26;16472.21
2014-11-13 07:05:36;16461.68
2014-11-12 06:52:20;16450.93
2014-11-11 06:28:30;16442.27
2014-11-10 07:16:22;16433.10
2014-11-09 06:20:58;16424.08
2014-11-08 06:19:57;16412.79
2014-11-07 07:04:30;16402.24
2014-11-06 07:01:48;16391.11
2014-11-05 06:53:08;16379.58
2014-11-04 07:22:05;16370.86
2014-11-03 07:02:40;16362.52
2014-11-02 09:48:04;16355.39
2014-11-01 05:54:02;16344.27
2014-10-31 07:00:50;16335.08
2014-10-30 10:11:52;16327.68
2014-10-29 07:05:13;16317.82
2014-10-27 07:32:41;16302.18
2014-10-26 06:07:04;16293.92
2014-10-25 06:11:59;16284.79
2014-10-24 06:46:06;16274.77
2014-10-23 08:26:03;16263.77
2014-10-22 07:12:13;16251.44
2014-10-21 06:36:05;16240.43
2014-10-20 07:06:40;16230.91
2014-10-19 06:19:45;16222.22
2014-10-18 06:19:23;16212.74
2014-10-17 07:39:03;16203.05
2014-10-15 07:06:16;16182.72
2014-10-14 06:52:03;16174.06
2014-10-13 06:53:13;16165.69
2014-10-12 06:49:59;16158.10
2014-10-11 05:57:14;16150.14
2014-10-10 08:34:21;16143.64
2014-10-09 10:23:21;16136.54
2014-10-08 07:37:58;16127.49
2014-10-07 07:18:40;16119.72
2014-10-06 07:21:04;16111.72
2014-10-05 07:59:48;16104.88
2014-10-04 06:11:51;16098.48
2014-10-03 07:06:21;16092.41
2014-10-02 09:48:35;16085.84
2014-10-01 06:43:25;16077.02
2014-09-30 06:40:51;16069.38
2014-09-29 06:57:51;16062.59
2014-09-28 06:26:36;16056.20
2014-09-27 06:19:32;16049.69
2014-09-26 06:47:19;16042.48
2014-09-25 06:59:23;16034.46
2014-09-24 07:03:26;16025.70
2014-09-23 06:52:51;16016.87
2014-09-22 06:51:55;16008.46
2014-09-21 09:39:51;16003.19
2014-09-20 06:06:31;15996.15
2014-09-19 07:37:28;15990.17
2014-09-18 08:29:26;15984.04
2014-09-17 07:05:17;15977.19
2014-09-16 07:12:52;15970.75
2014-09-15 06:57:04;15964.22
2014-09-14 09:58:03;15958.97
2014-09-13 05:59:47;15951.45
2014-09-12 06:50:15;15945.39
2014-09-11 08:46:01;15939.69
2014-09-10 06:47:07;15933.09
2014-09-09 06:24:05;15926.94
2014-09-08 07:08:10;15921.34
2014-09-07 06:49:08;15915.47
2014-09-06 06:25:52;15909.92
2014-09-05 06:57:09;15904.61
2014-09-04 07:07:20;15899.27
2014-09-03 07:02:03;15893.39
2014-09-02 06:54:44;15887.25
2014-09-01 07:07:22;15881.02
2014-08-31 09:15:25;15875.37
2014-08-30 05:55:26;15868.60
2014-08-29 07:18:02;15862.48
2014-08-28 08:53:19;15856.81
2014-08-27 07:07:21;15850.12
2014-08-26 07:06:08;15843.71
2014-08-25 14:46:05;15839.35
2014-08-22 06:49:40;15818.95
2014-08-21 08:56:24;15813.45
2014-08-20 06:48:18;15806.80
2014-08-19 06:37:48;15800.68
2014-08-01 06:54:20;15755.88
2014-07-31 11:02:50;15755.10
2014-07-30 06:54:06;15754.21
2014-07-29 07:22:27;15753.62
2014-07-28 07:56:26;15752.98
2014-07-25 06:50:35;15750.98
2014-07-24 06:57:44;15750.28
2014-07-23 06:58:00;15749.50
2014-07-22 06:59:57;15748.67
2014-07-21 07:07:21;15747.80
2014-07-16 09:05:11;15741
2014-07-11 06:55:50;15733.52
2014-07-10 07:06:24;15732.61
2014-07-09 10:09:50;15732.10
2014-07-08 06:55:22;15731.35
2014-07-07 07:06:08;15730.18
2014-07-04 07:25:34;15723.75
2014-07-03 07:19:11;15720.69
2014-07-02 08:46:31;15716.59
2014-07-01 07:45:54;15712.85
2014-06-30 07:55:49;15707.36
2014-06-27 07:38:49;15698.85
2014-06-26 07:09:29;15695.88
2014-06-25 07:06:16;15692.87
2014-06-24 09:34:17;15690.38
2014-06-23 07:07:29;15686.97
2014-06-19 07:27:10;15676.15
2014-06-18 08:02:44;15674.22
2014-06-17 07:20:27;15671.25
2014-06-16 07:08:46;15669.07
2014-06-13 07:16:51;15657.80
2014-06-12 07:24:06;15653.95
2014-06-11 07:24:43;15650.64
2014-06-10 07:18:15;15646.86
2014-06-09 12:06:27;15644.19
2014-06-09 07:00:00;15643.26
2014-06-06 07:00:00;15632.49
2014-06-05 07:00:00;15628.57
2014-06-04 07:00:00;15624.6
2014-06-03 07:00:00;15620.28
2014-06-02 07:00:00;15616.02
2014-05-30 07:00:00;15601.21
2014-05-28 07:00:00;15591.99
2014-05-27 07:00:00;15586.56
2014-05-26 07:00:00;15583.08
2014-05-25 07:00:00;15579.19
2014-05-24 07:00:00;15575.43
2014-05-23 07:00:00;15571.66
2014-05-22 07:00:00;15567.15
2014-05-21 07:00:00;15561.54
2014-05-20 07:00:00;15556.03
2014-05-19 07:00:00;15550.73
2014-05-18 07:00:00;15546.22
2014-05-17 07:00:00;15540.42
2014-05-16 07:00:00;15533.65
2014-05-15 07:00:00;15526.57
2014-05-14 07:00:00;15518.82
2014-05-13 07:00:00;15511.15
2014-05-12 07:00:00;15503.47
2014-05-11 07:00:00;15497.5
2014-05-10 07:00:00;15489.26
2014-05-09 07:00:00;15481.95
2014-05-08 07:00:00;15473.44
2014-05-07 07:00:00;15465.79
2014-05-06 11:08:43;15459.08
2014-05-06 07:00:00;15457.48
2014-05-05 11:00:39;15450.97
2014-05-05 07:00:00;15449.49
2014-05-04 12:00:00;15440.85
2014-05-03 12:00:00;15432.86
2014-05-02 12:00:00;15424.51
2014-04-30 12:00:00;15409.83
2014-04-29 12:00:00;15402.03
2014-04-28 12:00:00;15394.78
2014-04-27 12:00:00;15388.41
2014-04-26 12:00:00;15380.96
2014-04-25 12:00:00;15373.33
2014-04-24 12:00:00;15364.63
2014-04-23 12:00:00;15356.61
2014-04-22 12:00:00;15348.97
2014-04-21 12:00:00;15343.23
2014-04-20 12:00:00;15335.71
2014-04-19 12:00:00;15329.25
2014-04-18 12:00:00;15321.07
2014-04-17 12:00:00;15313.82
2014-04-16 12:00:00;15304.48
2014-04-15 12:00:00;15295.38
2014-04-14 12:00:00;15286.94
2014-04-13 12:00:00;15279.94
2014-04-12 12:00:00;15270.32
2014-04-11 12:00:00;15260.97
2014-04-10 12:00:00;15252.41
2014-04-09 12:00:00;15242.69
2014-04-08 12:00:00;15233.47
2014-04-07 12:00:00;15223.9
2014-04-06 12:00:00;15216.46
2014-04-05 12:00:00;15207.87
2014-04-04 12:00:00;15197.79
2014-04-03 12:00:00;15187.57
2014-04-02 12:00:00;15177.24
2014-04-01 12:00:00;15166.51
2014-03-31 12:00:00;15156.31
2014-03-30 12:00:00;15147.47
2014-03-29 12:00:00;15138.23
2014-03-28 12:00:00;15129.41
2014-03-27 12:00:00;15120.59
2014-03-26 12:00:00;15110.24
2014-03-25 12:00:00;15100.45
2014-03-24 12:00:00;15090.73
2014-03-23 12:00:00;15080.78
2014-03-22 12:00:00;15071.04
2014-03-21 12:00:00;15062.2
2014-03-20 12:00:00;15052.97
2014-03-19 12:00:00;15038.95
2014-03-18 12:00:00;15028.21
2014-03-17 12:00:00;15015.84
2014-03-16 12:00:00;15004.94
2014-03-15 12:00:00;14993.89
2014-03-14 12:00:00;14984.53
2014-03-13 12:00:00;14975.89
2014-03-12 12:00:00;14966.62
2014-03-11 12:00:00;14956.62
2014-03-10 12:00:00;14946.47
2014-03-09 12:00:00;14938.16
2014-03-08 12:00:00;14928.18
2014-03-07 12:00:00;14918.41
2014-03-06 12:00:00;14908.6
2014-03-05 12:00:00;14897.86
2014-03-04 12:00:00;14886.46
2014-03-03 12:00:00;14875.37
2014-03-02 12:00:00;14864.66
2014-03-01 12:00:00;14853.72
2014-02-28 12:00:00;14843.23
2014-02-27 12:00:00;14832.78
2014-02-26 12:00:00;14820.23
2014-02-25 12:00:00;14809
2014-02-24 12:00:00;14799.29
2014-02-23 12:00:00;14790.61
2014-02-22 12:00:00;14778.5
2014-02-21 12:00:00;14767.05
2014-02-20 12:00:00;14754.48
2014-02-19 12:00:00;14742.39
2014-02-18 12:00:00;14730.95
2014-02-17 12:00:00;14719.55
2014-02-16 12:00:00;14709.91
2014-02-15 12:00:00;14697.66
2014-02-14 12:00:00;14687.45
2014-02-13 12:00:00;14677.43
2014-02-12 12:00:00;14665.3
2014-02-11 12:00:00;14654.07
2014-02-10 12:00:00;14643.14
2014-02-09 12:00:00;14632.8
2014-02-08 12:00:00;14621.62
2014-02-07 12:00:00;14610.61
2014-02-06 12:00:00;14600.15
2014-02-05 12:00:00;14586.45
2014-02-04 12:00:00;14574.54
2014-02-03 12:00:00;14569.79
2014-02-02 12:00:00;14552.93
2014-02-01 12:00:00;14540.51
2014-01-31 12:00:00;14526.42
2014-01-30 12:00:00;14512.13
2014-01-29 12:00:00;14497.77
2014-01-28 12:00:00;14483.23
2014-01-27 12:00:00;14469.25
2014-01-26 12:00:00;14456.93
2014-01-25 12:00:00;14444.01
2014-01-24 12:00:00;14430.87
2014-01-23 12:00:00;14416.93
2014-01-22 12:00:00;14400.97
2014-01-21 12:00:00;14386.53
2014-01-20 12:00:00;14371.48
2014-01-19 12:00:00;14357.04
2014-01-18 12:00:00;14341.29
2014-01-17 12:00:00;14327.09
2014-01-16 12:00:00;14312.39
2014-01-15 12:00:00;14297.36
2014-01-14 12:00:00;14282.37
2014-01-13 12:00:00;14268.51
2014-01-12 12:00:00;14255.93
2014-01-11 12:00:00;14243.09
2014-01-10 12:00:00;14231.6
2014-01-09 12:00:00;14220.3
2014-01-08 12:00:00;14210.16
2014-01-07 12:00:00;14200.17
2014-01-06 12:00:00;14190.57
2014-01-05 12:00:00;14179.77
2014-01-04 12:00:00;14168.23
2014-01-03 12:00:00;14157.02
2014-01-02 12:00:00;14145.62
2013-12-31 12:00:00;14126.87
2013-12-30 12:00:00;14115.15
2013-12-29 12:00:00;14105.06
2013-12-28 12:00:00;14095.11
2013-12-25 12:00:00;14084.5
2013-12-24 12:00:00;14075.08
2013-12-23 12:00:00;14048.61
2013-12-22 12:00:00;14039.97
2013-12-21 12:00:00;14029.96
2013-12-20 12:00:00;14020.39
2013-12-19 12:00:00;14010.43
2013-12-18 12:00:00;13999.88
2013-12-17 12:00:00;13989.44
2013-12-16 12:00:00;13979.85
2013-12-15 12:00:00;13970.25
2013-12-14 12:00:00;13958.66
2013-12-13 12:00:00;13947.67
2013-12-12 12:00:00;13938.65
2013-12-11 12:00:00;13928.63
2013-12-10 12:00:00;13917.32
2013-12-09 12:00:00;13905.19
2013-12-08 12:00:00;13893.77
2013-12-07 12:00:00;13881.87
2013-12-06 12:00:00;13873.2
2013-12-04 12:00:00;13851.29
2013-12-03 12:00:00;13841.11
2013-12-02 12:00:00;13830.71
2013-12-01 12:00:00;13821.3
2013-11-30 12:00:00;13810.52
2013-11-29 12:00:00;13799.18
2013-11-28 12:00:00;13789.38
2013-11-27 12:00:00;13780.03
2013-11-26 12:00:00;13769.55
2013-11-25 12:00:00;13757.96
2013-11-24 12:00:00;13748.2
2013-11-23 12:00:00;13738.03
2013-11-22 12:00:00;13727.93
2013-11-21 12:00:00;13718.06
2013-11-20 12:00:00;13707.18
2013-11-19 12:00:00;13697.82
2013-11-18 12:00:00;13688.38
2013-11-17 12:00:00;13680.64
2013-11-16 12:00:00;13671.25
2013-11-15 12:00:00;13662.23
2013-11-14 12:00:00;13653.35
2013-11-13 12:00:00;13643.77
2013-11-12 12:00:00;13634.58
2013-11-11 12:00:00;13624.29
2013-11-10 12:00:00;13616.2
2013-11-09 12:00:00;13606.85
2013-11-08 12:00:00;13597.99
2013-11-07 12:00:00;13589.26
2013-11-06 12:00:00;13579.49
2013-11-05 12:00:00;13569.66
2013-11-04 12:00:00;13560.57
2013-11-03 12:00:00;13552.9
2013-11-02 12:00:00;13544.65
2013-11-01 12:00:00;13534.85
2013-10-31 12:00:00;13527.39
2013-10-30 12:00:00;13517.79
2013-10-29 12:00:00;13508.84
2013-10-28 12:00:00;13501.42
2013-10-27 12:00:00;13494.41
2013-10-26 12:00:00;13485.74
2013-10-25 12:00:00;13477.27
2013-10-24 12:00:00;13470.03
2013-10-23 12:00:00;13461.95
2013-10-22 12:00:00;13451.52
2013-10-21 12:00:00;13440.56
2013-10-20 12:00:00;13431.23
2013-10-19 12:00:00;13421.87
2013-10-18 12:00:00;13412.16
2013-10-17 12:00:00;13402.83
2013-10-16 12:00:00;13392.54
2013-10-15 12:00:00;13382.79
2013-10-14 12:00:00;13375.44
2013-10-13 12:00:00;13367.87
2013-10-12 12:00:00;13359.61
2013-10-11 12:00:00;13351.28
2013-10-10 12:00:00;13343.89
2013-10-09 12:00:00;13336.19
2013-10-08 12:00:00;13329.25
2013-10-07 12:00:00;13321.88
2013-10-06 12:00:00;13314.78
2013-10-05 12:00:00;13306.94
2013-10-04 12:00:00;13299.82
2013-10-03 12:00:00;13292.12
2013-10-02 12:00:00;13282.93
2013-10-01 12:00:00;13272.97
2013-09-30 12:00:00;13263.77
2013-09-29 12:00:00;13256.01
2013-09-28 12:00:00;13247.5
2013-09-27 12:00:00;13239.27
2013-09-26 12:00:00;13231.06
2013-09-25 12:00:00;13220.81
2013-09-24 12:00:00;13211.81
2013-09-23 12:00:00;13203.72
2013-09-22 12:00:00;13197.2
2013-09-21 12:00:00;13189.75
2013-09-20 12:00:00;13183
2013-09-19 12:00:00;13178.35
2013-09-18 12:00:00;13171.21
2013-09-17 12:00:00;13164.78
2013-09-16 12:00:00;13158.42
2013-09-15 12:00:00;13153.11
2013-09-14 12:00:00;13146.19
2013-09-12 12:00:00;13140.55
2013-09-11 12:00:00;13134.64
2013-09-10 12:00:00;13123.01
2013-09-09 12:00:00;13117.68
2013-09-08 12:00:00;13112.52
2013-09-07 12:00:00;13107.52
2013-09-06 12:00:00;13100.38
2013-09-05 12:00:00;13096.69
2013-09-04 12:00:00;13090.63
2013-09-03 12:00:00;13084.45
2013-09-02 12:00:00;13078.11
2013-09-01 12:00:00;13072.84
2013-08-31 12:00:00;13066.85
2013-08-30 12:00:00;13061.01
2013-08-29 12:00:00;13056.46
2013-08-28 12:00:00;13049.66
2013-08-27 12:00:00;13044.82
2013-08-26 12:00:00;13039.74
2013-08-25 12:00:00;13035.15
2013-08-24 12:00:00;13028.74
2013-08-23 12:00:00;13023.2
2013-08-22 12:00:00;13019.79
2013-08-21 12:00:00;13014.45
2013-08-20 12:00:00;13009.58
2013-08-19 12:00:00;13002.79
2013-08-16 12:00:00;12987.34
2013-08-15 12:00:00;12982.66
2013-08-14 12:00:00;12978.38
2013-08-13 12:00:00;12975.26
2013-08-12 12:00:00;12971.48
2013-08-09 12:00:00;12962.31
2013-08-08 12:00:00;12960.63
2013-08-07 12:00:00;12959.66
2013-08-06 12:00:00;12958.84
2013-08-05 12:00:00;12957.68
2013-08-02 12:00:00;12954.12
2013-08-01 12:00:00;12952.49
2013-07-31 12:00:00;12951.2
2013-07-30 12:00:00;12949.59
2013-07-29 12:00:00;12947.91
2013-07-25 12:00:00;12944.88
2013-07-24 12:00:00;12944.23
2013-07-23 12:00:00;12943.03
2013-07-19 12:00:00;12934.66
2013-07-18 12:00:00;12932.3
2013-07-17 12:00:00;12930.63
2013-07-16 12:00:00;12928.85
2013-07-15 12:00:00;12927
2013-07-12 12:00:00;12922.14
2013-07-11 12:00:00;12920.39
2013-07-10 12:00:00;12918.88
2013-07-09 12:00:00;12917.43
2013-07-08 12:00:00;12915.68
2013-07-05 12:00:00;12912.14
2013-07-04 12:00:00;12911.24
2013-07-03 12:00:00;12910.13
2013-07-02 12:00:00;12909.05
2013-07-01 12:00:00;12908.2
2013-06-28 12:00:00;12905.16
2013-06-27 12:00:00;12904.22
2013-06-26 12:00:00;12903.81
2013-06-25 12:00:00;12903.04
2013-06-24 12:00:00;12902.28
2013-06-20 12:00:00;12896.96
2013-06-19 12:00:00;12895.35
2013-06-18 12:00:00;12893.2
2013-06-17 12:00:00;12891.31
2013-06-14 12:00:00;12878.94
2013-06-13 12:00:00;12874.48
2013-06-12 12:00:00;12870.73
2013-06-11 12:00:00;12866.21
2013-06-10 12:00:00;12861.65
2013-06-07 12:00:00;12852.37
2013-06-06 12:00:00;12848.31
2013-06-05 12:00:00;12844.53
2013-06-04 12:00:00;12840.84
2013-06-03 12:00:00;12837.13
2013-05-31 12:00:00;12828.03
2013-05-30 12:00:00;12825.62
2013-05-29 12:00:00;12823.61
2013-05-28 12:00:00;12821.38
2013-05-27 12:00:00;12818.82
2013-05-26 12:00:00;12814.13
2013-05-25 12:00:00;12810.76
2013-05-24 12:00:00;12804.41
2013-05-23 12:00:00;12798.41
2013-05-22 12:00:00;12791.99
2013-05-21 12:00:00;12786.92
2013-05-20 12:00:00;12781.55
2013-05-19 12:00:00;12777.52
2013-05-18 12:00:00;12772.25
2013-05-14 12:00:00;12753.34
2013-05-13 12:00:00;12746.94
2013-05-12 12:00:00;12741.09
2013-05-11 12:00:00;12734.09
2013-05-10 12:00:00;12726.9
2013-05-09 12:00:00;12722.65
2013-05-08 12:00:00;12714.05
2013-05-07 12:00:00;12706.48
2013-05-06 12:00:00;12699.18
2013-05-05 12:00:00;12691.14
2013-05-04 12:00:00;12682.68
2013-05-03 12:00:00;12675.76
2013-05-02 12:00:00;12666.76
2013-04-30 12:00:00;12651.87
2013-04-29 12:00:00;12643.49
2013-04-28 12:00:00;12635.93
2013-04-27 12:00:00;12626.69
2013-04-26 12:00:00;12617.03
2013-04-25 12:00:00;12609.01
2013-04-24 12:00:00;12600.48
2013-04-23 12:00:00;12591.33
2013-04-22 12:00:00;12583.28
2013-04-21 12:00:00;12575.37
2013-04-20 12:00:00;12566.7
2013-04-19 12:00:00;12557.81
2013-04-18 12:00:00;12550.89
2013-04-17 12:00:00;12539.52
2013-04-16 12:00:00;12530.34
2013-04-15 12:00:00;12520.67
2013-04-14 12:00:00;12512.4
2013-04-13 12:00:00;12501.74
2013-04-12 12:00:00;12492.56
2013-04-11 12:00:00;12483.17
2013-04-10 12:00:00;12472.22
2013-04-09 12:00:00;12461.8
2013-04-08 12:00:00;12450.29
2013-04-07 12:00:00;12440.09
2013-04-06 12:00:00;12429.38
2013-04-05 12:00:00;12419.81
2013-04-04 12:00:00;12409.23
2013-04-03 12:00:00;12399.13
2013-04-02 12:00:00;12388.56
2013-04-01 12:00:00;12379.95
2013-03-31 12:00:00;12369.83
2013-03-30 12:00:00;12359.77
2013-03-29 12:00:00;12350.9
2013-03-28 12:00:00;12341.45
2013-03-27 12:00:00;12328.5
2013-03-26 12:00:00;12317.04
2013-03-25 12:00:00;12305.87
2013-03-24 12:00:00;12296.8
2013-03-23 12:00:00;12283.82
2013-03-22 12:00:00;12272.24
2013-03-21 12:00:00;12261.16
2013-03-20 12:00:00;12247.81
2013-03-19 12:00:00;12235.57
2013-03-18 12:00:00;12222.95
2013-03-17 12:00:00;12213.81
2013-03-16 12:00:00;12199.66
2013-03-14 12:00:00;12175.27
2013-03-13 12:00:00;12160.9
2013-03-12 12:00:00;12148.83
2013-03-11 12:00:00;12136.99
2013-03-10 12:00:00;12125.48
2013-03-09 12:00:00;12112.77
2013-03-08 12:00:00;12100.66
2013-03-07 12:00:00;12092.35
2013-03-06 12:00:00;12077.47
2013-03-05 12:00:00;12065.83
2013-03-04 12:00:00;12053.74
2013-03-03 12:00:00;12041.47
2013-03-02 12:00:00;12028.3
2013-03-01 12:00:00;12015.69
2013-02-28 12:00:00;12005.23
2013-02-27 12:00:00;11994.97
2013-02-26 12:00:00;11983.81
2013-02-25 12:00:00;11972.1
2013-02-24 12:00:00;11961.96
2013-02-23 12:00:00;11948.98
2013-02-22 12:00:00;11937.76
2013-02-21 12:00:00;11924.64
2013-02-20 12:00:00;11911.06
2013-02-19 12:00:00;11898.28
2013-02-18 12:00:00;11886.32
2013-02-17 12:00:00;11875.01
2013-02-16 12:00:00;11864.13
2013-02-15 12:00:00;11852.11
2013-02-14 12:00:00;11843.79
2013-02-13 12:00:00;11829.17
2013-02-12 12:00:00;11816.65
2013-02-11 12:00:00;11804.42
2013-02-10 12:00:00;11793.45
2013-02-09 12:00:00;11780.03
2013-02-08 12:00:00;11766.99
2013-02-07 12:00:00;11754.22
2013-02-06 12:00:00;11741.27
2013-02-05 12:00:00;11728.42
2013-02-04 12:00:00;11714.66
2013-02-02 12:00:00;11690.12
2013-02-01 12:00:00;11678.64
2013-01-31 12:00:00;11667.52
2013-01-30 12:00:00;11653.41
2013-01-29 12:00:00;11641.29
2013-01-28 12:00:00;11629.25
2013-01-27 12:00:00;11617.92
2013-01-26 12:00:00;11604.52
2013-01-25 12:00:00;11590.96
2013-01-24 12:00:00;11577.33
2013-01-23 12:00:00;11561.14
2013-01-22 12:00:00;11547.87
2013-01-21 12:00:00;11533.72
2013-01-20 12:00:00;11520.37
2013-01-19 12:00:00;11506.96
2013-01-18 12:00:00;11491.93
2013-01-17 12:00:00;11480.09
2013-01-16 12:00:00;11462.85
2013-01-15 12:00:00;11449.08
2013-01-14 12:00:00;11435.72
2013-01-13 12:00:00;11423.49
2013-01-12 12:00:00;11408.85
2013-01-11 12:00:00;11396.12
2013-01-10 12:00:00;11381.85
2013-01-09 12:00:00;11368.89
2013-01-08 12:00:00;11356.88
2013-01-07 12:00:00;11343.79
2013-01-06 12:00:00;11330.04
2013-01-05 12:00:00;11317.42
2013-01-04 12:00:00;11304.94
2013-01-03 12:00:00;11279.67
2012-12-31 12:00:00;11258.38
2012-12-30 12:00:00;11248.6
2012-12-29 12:00:00;11234.52
2012-12-28 12:00:00;11221.23
2012-12-27 12:00:00;11210.53
2012-12-26 12:00:00;11196.76
2012-12-23 12:00:00;11159.28
2012-12-22 12:00:00;11142.9
2012-12-21 12:00:00;11129.54
2012-12-20 12:00:00;11116.17
2012-12-19 12:00:00;11101.62
2012-12-18 12:00:00;11087.41
2012-12-16 12:00:00;11073.6
2012-12-14 12:00:00;11034.75
2012-12-12 12:00:00;11009.08
2012-12-11 12:00:00;10995.12
2012-12-10 12:00:00;10981.79
2012-12-09 12:00:00;10970.21
2012-12-06 12:00:00;10934.36
2012-12-05 12:00:00;10917.94
2012-12-04 12:00:00;10903.1
2012-12-03 12:00:00;10888.28
2012-12-02 12:00:00;10876.4
2012-12-01 12:00:00;10860.53
2012-11-29 12:00:00;10836.63
2012-11-28 12:00:00;10823.26
2012-11-27 12:00:00;10812.03
2012-11-25 12:00:00;10791.29
2012-11-24 12:00:00;10780.76
2012-11-23 12:00:00;10771.37
2012-11-22 12:00:00;10763.32
2012-11-21 12:00:00;10753.65
2012-11-20 12:00:00;10741.54
2012-11-19 12:00:00;10731.46
2012-11-18 12:00:00;10723.18
2012-11-17 12:00:00;10712.73
2012-11-16 12:00:00;10703.05
2012-11-15 12:00:00;10695.85
2012-11-14 12:00:00;10683.19
2012-11-13 12:00:00;10672.86
2012-11-12 12:00:00;10662.56
2012-11-11 12:00:00;10654.9
2012-11-10 12:00:00;10643.33
2012-11-09 12:00:00;10632.72
2012-11-08 12:00:00;10622.97
2012-11-07 12:00:00;10611.63
2012-11-06 12:00:00;10600.45
2012-11-05 12:00:00;10590.68
2012-11-03 12:00:00;10573.85
2012-11-02 12:00:00;10561.78
2012-11-01 12:00:00;10552.1
2012-10-31 12:00:00;10540.51
2012-10-30 12:00:00;10529.3
2012-10-29 12:00:00;10517.44
2012-10-28 12:00:00;10507.4
2012-10-27 12:00:00;10496.99
2012-10-26 12:00:00;10484.44
2012-10-25 12:00:00;10474.2
2012-10-24 12:00:00;10463.41
2012-10-23 12:00:00;10453.26
2012-10-22 12:00:00;10442.17
2012-10-21 12:00:00;10433.67
2012-10-20 12:00:00;10421.75
2012-10-19 12:00:00;10413.75
2012-10-18 12:00:00;10406.33
2012-10-17 12:00:00;10396.31
2012-10-16 12:00:00;10386.46
2012-10-15 12:00:00;10375.69
2012-10-14 12:00:00;10366.63
2012-10-13 12:00:00;10356.67
2012-10-11 12:00:00;10347.38
2012-10-10 12:00:00;10340.22
2012-10-09 12:00:00;10319.77
2012-10-08 12:00:00;10311.03
2012-10-07 12:00:00;10303.08
2012-10-06 12:00:00;10294.15
2012-10-05 12:00:00;10285.87
2012-10-04 12:00:00;10279.68
2012-10-03 12:00:00;10270.94
2012-10-02 12:00:00;10263.47
2012-10-01 12:00:00;10255.86
2012-09-30 12:00:00;10247.86
2012-09-29 12:00:00;10240.83
2012-09-28 12:00:00;10233.83
2012-09-27 12:00:00;10226.44
2012-09-26 12:00:00;10217.02
2012-09-25 12:00:00;10208.44
2012-09-24 12:00:00;10200.96
2012-09-23 12:00:00;10192.82
2012-09-22 12:00:00;10185.35
2012-09-21 12:00:00;10177.69
2012-09-20 12:00:00;10171.95
2012-09-19 12:00:00;10162.93
2012-09-18 12:00:00;10156.02
2012-09-17 12:00:00;10148.78
2012-09-16 12:00:00;10143.78
2012-09-15 12:00:00;10135.68
2012-09-14 12:00:00;10128.77
2012-09-13 12:00:00;10122.09
2012-09-12 12:00:00;10114.8
2012-09-11 12:00:00;10108.66
2012-09-10 12:00:00;10102.67
2012-09-09 12:00:00;10095.75
2012-09-08 12:00:00;10088.76
2012-09-07 12:00:00;10081.23
2012-09-06 12:00:00;10075.57
2012-09-05 12:00:00;10069.1
2012-09-04 12:00:00;10063.23
2012-09-03 12:00:00;10057.05
2012-09-02 12:00:00;10052.12
2012-09-01 12:00:00;10044.66
2012-08-30 12:00:00;10034.82
2012-08-29 12:00:00;10027
2012-08-28 12:00:00;10021.05
2012-08-27 12:00:00;10014.84
2012-08-26 12:00:00;10010.28
2012-08-25 12:00:00;10004.59
2012-08-24 12:00:00;9999.05
2012-08-23 12:00:00;9993.77
2012-08-22 12:00:00;9989.49
2012-08-21 12:00:00;9981.94
2012-08-20 12:00:00;9975.53
2012-08-16 12:00:00;9953.17
2012-08-15 12:00:00;9951.69
2012-08-14 12:00:00;9948.08
2012-08-13 12:00:00;9944.83
2012-08-10 12:00:00;9934.55
2012-08-09 12:00:00;9930.31
2012-08-08 12:00:00;9927.77
2012-08-07 12:00:00;9924.4
2012-08-06 12:00:00;9922.08
2012-08-03 12:00:00;9913.76
2012-08-02 12:00:00;9911.77
2012-08-01 12:00:00;9909.38
2012-07-31 12:00:00;9906.75
2012-07-30 12:00:00;9903.95
2012-07-27 12:00:00;9899.44
2012-07-26 12:00:00;9897.01
2012-07-25 12:00:00;9894.21
2012-07-24 12:00:00;9891.09
2012-07-23 12:00:00;9887.91
2012-07-20 12:00:00;9881.75
2012-07-19 12:00:00;9879.78
2012-07-18 12:00:00;9877.73
2012-07-17 12:00:00;9875.32
2012-07-16 12:00:00;9872.32
2012-07-13 12:00:00;9863.74
2012-07-12 12:00:00;9861.11
2012-07-11 12:00:00;9859.07
2012-07-10 12:00:00;9855.84
2012-07-09 12:00:00;9852.66
2012-07-06 12:00:00;9848.46
2012-07-05 12:00:00;9847.52
2012-07-04 12:00:00;9846.32
2012-07-03 12:00:00;9842.82
2012-07-02 12:00:00;9841.03
2012-06-29 12:00:00;9834.7
2012-06-28 12:00:00;9831.67
2012-06-27 12:00:00;9829.45
2012-06-25 12:00:00;9826.42
2012-06-24 12:00:00;9824.26
2012-06-19 12:00:00;9816.26
2012-06-18 12:00:00;9814.89
2012-06-15 12:00:00;9810.07
2012-06-14 12:00:00;9808.19
2012-06-13 12:00:00;9806.09
2012-06-12 12:00:00;9802.47
2012-06-11 12:00:00;9796.76
2012-06-10 12:00:00;9792.15
2012-06-09 12:00:00;9785.52
2012-06-08 12:00:00;9781.52
2012-06-07 12:00:00;9775.51
2012-06-06 12:00:00;9770.31
2012-06-05 12:00:00;9766.33
2012-06-04 12:00:00;9759.33
2012-06-01 12:00:00;9741.77
2012-05-31 12:00:00;9735.59
2012-05-30 12:00:00;9730.73
2012-05-29 12:00:00;9725.62
2012-05-25 12:00:00;9711.12
2012-05-24 12:00:00;9706.63
2012-05-23 12:00:00;9702.5
2012-05-22 12:00:00;9699.69
2012-05-21 12:00:00;9695.61
2012-05-20 12:00:00;9687.93
2012-05-19 12:00:00;9681.07
2012-05-18 12:00:00;9673.48
2012-05-17 12:00:00;9666.67
2012-05-16 12:00:00;9659.28
2012-05-15 12:00:00;9652.6
2012-05-14 12:00:00;9644.23
2012-05-13 12:00:00;9638.19
2012-05-12 12:00:00;9628.55
2012-05-11 12:00:00;9620.85
2012-05-10 12:00:00;9614.1
2012-05-09 12:00:00;9606.2
2012-05-08 12:00:00;9598.58
2012-05-07 12:00:00;9592.6
2012-05-06 12:00:00;9583.09
2012-05-05 12:00:00;9572.88
2012-05-04 12:00:00;9565.17
2012-05-03 12:00:00;9557.51
2012-05-02 12:00:00;9554.06
2012-05-01 12:00:00;9549.38
2012-04-30 12:00:00;9536.25
2012-04-29 12:00:00;9528.88
2012-04-28 12:00:00;9521.27
2012-04-27 12:00:00;9514.02
2012-04-26 12:00:00;9506.44
2012-04-25 12:00:00;9498.63
2012-04-24 12:00:00;9489.85
2012-04-23 12:00:00;9481.49
2012-04-22 12:00:00;9474.34
2012-04-21 12:00:00;9464.13
2012-04-20 12:00:00;9454.19
2012-04-19 12:00:00;9446.07
2012-04-18 12:00:00;9435.44
2012-04-17 12:00:00;9426.42
2012-04-16 12:00:00;9416.53
2012-04-15 12:00:00;9408.92
2012-04-14 12:00:00;9400
2012-04-13 12:00:00;9389.07
2012-04-12 12:00:00;9382.31
2012-04-11 12:00:00;9372.46
2012-04-10 12:00:00;9362.8
2012-04-09 12:00:00;9355.05
2012-04-08 12:00:00;9346.42
2012-04-07 12:00:00;9335.2
2012-04-06 12:00:00;9326.63
2012-04-05 12:00:00;9318.54
2012-04-04 12:00:00;9306.65
2012-04-03 12:00:00;9294.96
2012-04-02 12:00:00;9282.51
2012-04-01 12:00:00;9271.56
2012-03-31 12:00:00;9259.96
2012-03-30 12:00:00;9250.75
2012-03-29 12:00:00;9240.52
2012-03-28 12:00:00;9230.9
2012-03-27 12:00:00;9222.33
2012-03-26 12:00:00;9211.11
2012-03-25 12:00:00;9203.15
2012-03-24 12:00:00;9190.85
2012-03-23 12:00:00;9180.85
2012-03-22 12:00:00;9170.79
2012-03-21 12:00:00;9161.78
2012-03-20 12:00:00;9151.74
2012-03-19 12:00:00;9141.69
2012-03-18 12:00:00;9132.84
2012-03-17 12:00:00;9118.93
2012-03-16 12:00:00;9107.68
2012-03-15 12:00:00;9097.84
2012-03-14 12:00:00;9085.77
2012-03-13 12:00:00;9075.54
2012-03-12 12:00:00;9064.64
2012-03-11 12:00:00;9055.14
2012-03-10 12:00:00;9043.14
2012-03-09 12:00:00;9032.03
2012-03-08 12:00:00;9019.46
2012-03-07 12:00:00;9008.06
2012-03-05 12:00:00;8980.85
2012-03-04 12:00:00;8970.4
2012-03-03 12:00:00;8958.31
2012-03-02 12:00:00;8947.48
2012-03-01 12:00:00;8938.07
2012-02-29 12:00:00;8926.27
2012-02-28 12:00:00;8914.9
2012-02-27 12:00:00;8902.55
2012-02-26 12:00:00;8891.44
2012-02-25 12:00:00;8879.69
2012-02-24 12:00:00;8868.18
2012-02-23 12:00:00;8858.84
2012-02-22 12:00:00;8846.38
2012-02-21 12:00:00;8834.89
2012-02-20 12:00:00;8822.9
2012-02-19 12:00:00;8813.3
2012-02-18 12:00:00;8801.75
2012-02-17 12:00:00;8790.26
2012-02-16 12:00:00;8778.38
2012-02-15 12:00:00;8767.16
2012-02-14 12:00:00;8756.01
2012-02-13 12:00:00;8742.41
2012-02-12 12:00:00;8738.25
2012-02-11 12:00:00;8719.54
2012-02-10 12:00:00;8704.49
2012-02-09 12:00:00;8686.34
2012-02-08 12:00:00;8671.83
2012-02-07 12:00:00;8659.28
2012-02-06 12:00:00;8645.38
2012-02-05 12:00:00;8630.81
2012-02-04 12:00:00;8614.5
2012-02-03 12:00:00;8600.24
2012-02-02 12:00:00;8582.18
2012-02-01 12:00:00;8559.51
2012-01-31 12:00:00;8542.95
2012-01-30 12:00:00;8528.55
2012-01-29 12:00:00;8514.74
2012-01-28 12:00:00;8500.75
2012-01-27 12:00:00;8488.89
2012-01-26 12:00:00;8476.16
2012-01-25 12:00:00;8462.75
2012-01-24 12:00:00;8450.02
2012-01-23 12:00:00;8437.36
2012-01-22 12:00:00;8426.97
2012-01-21 12:00:00;8415.49
2012-01-20 12:00:00;8405
2012-01-19 12:00:00;8395.47
2012-01-18 12:00:00;8382.81
2012-01-17 12:00:00;8371.29
2012-01-16 12:00:00;8358.31
2012-01-15 12:00:00;8346.61
2012-01-14 12:00:00;8333.99
2012-01-13 12:00:00;8326.45
2012-01-12 12:00:00;8313.31
2012-01-11 12:00:00;8302.12
2012-01-10 12:00:00;8290.07
2012-01-09 12:00:00;8276.59
2012-01-08 12:00:00;8265.14
2012-01-07 12:00:00;8252.9
2012-01-06 12:00:00;8243.31
2012-01-05 12:00:00;8232.83
2012-01-04 12:00:00;8220.88
2012-01-03 12:00:00;8210.42
