Meter Name;Sähkönkulutus;Pääsähkömittari
Date;Value
2019-01-15 07:46:54;11506126
2019-01-14 04:49:37;11500156
2019-01-13 04:05:46;11495414
2019-01-12 04:00:34;11490749
2019-01-11 05:10:03;11485608
2019-01-10 05:25:18;11480276
2019-01-09 05:21:32;11475043
2019-01-08 05:09:52;11469546
2019-01-07 05:18:28;11464029
2019-01-06 08:34:07;11460068
2019-01-05 04:08:55;11454594
2019-01-04 04:52:37;11449505
2019-01-03 04:26:17;11444432
2019-01-02 04:38:05;11439803
2018-12-31 05:15:01;11432680
2018-12-30 04:14:38;11428226
2018-12-29 06:00:29;11424021
2018-12-28 05:08:45;11418292
2018-12-27 07:28:44;11413164
2018-12-27 05:07:57;11412700
2018-12-26 08:50:08;11409100
2018-12-23 07:51:16;11400078
2018-12-22 03:58:39;11395598
2018-12-21 05:10:47;11391171
2018-12-20 05:01:06;11386078
2018-12-19 05:09:17;11380974
2018-12-18 05:08:52;11375606
2018-12-17 05:18:36;11370215
2018-12-15 04:47:12;11360919
2018-12-14 04:33:16;11355602
2018-12-13 05:25:12;11350397
2018-12-12 04:52:27;11345137
2018-12-11 04:49:10;11339755
2018-12-10 05:14:51;11334431
2018-12-09 04:19:46;11329558
2018-12-08 04:50:07;11325110
2018-12-07 04:39:41;11319793
2018-12-06 09:58:04;11316511
2018-12-05 12:23:19;11312400
2018-12-05 06:48:59;11310288
2018-12-04 06:51:12;11305030
2018-12-03 06:41:22;11299626
2018-12-02 06:08:28;11294966
2018-12-01 06:40:01;11290460
2018-11-30 06:56:17;11285078
2018-11-29 06:15:54;11279539
2018-11-28 06:58:27;11274838
2018-11-27 06:56:27;11269930
2018-11-26 07:08:40;11264789
2018-11-25 05:51:40;11260251
2018-11-24 06:00:17;11256011
2018-11-23 08:51:22;11251576
2018-11-22 06:57:08;11245778
2018-11-21 06:45:55;11240649
2018-11-20 06:41:05;11235303
2018-11-19 07:06:51;11230117
2018-11-18 06:48:52;11225578
2018-11-17 06:09:00;11221201
2018-11-16 06:59:25;11216617
2018-11-15 06:52:35;11211812
2018-11-14 06:34:46;11207102
2018-11-13 06:55:07;11202249
2018-11-12 06:54:33;11197378
2018-11-11 06:26:29;11192954
2018-11-10 06:07:48;11188496
2018-11-09 07:06:49;11183803
2018-11-08 07:14:39;11178946
2018-11-07 07:02:57;11174262
2018-11-06 07:06:47;11169342
2018-11-05 06:36:30;11164465
2018-11-04 06:20:06;11160335
2018-11-03 06:09:26;11156388
2018-11-02 06:50:24;11151547
2018-11-01 07:19:25;11146644
2018-10-31 06:46:48;11141700
2018-10-30 06:46:19;11136305
2018-10-29 07:14:40;11131133
2018-10-28 09:56:36;11127392
2018-10-27 06:03:27;11122407
2018-10-26 07:06:52;11117421
2018-10-25 14:13:47;11113865
2018-10-24 07:03:51;11106876
2018-10-21 06:37:17;11097172
2018-10-20 06:03:05;11092867
2018-10-19 07:06:09;11088283
2018-10-18 08:16:30;11083545
2018-10-17 07:27:38;11078780
2018-10-16 07:24:58;11073964
2018-10-15 10:14:38;11069871
2018-10-14 09:29:01;11065396
2018-10-13 06:20:00;11060833
2018-10-12 06:50:40;11056327
2018-10-11 07:18:57;11051659
2018-10-10 06:45:43;11047054
2018-10-09 06:15:00;11042132
2018-10-08 07:06:34;11037077
2018-10-07 06:47:36;11032686
2018-10-06 09:21:36;11029505
2018-10-05 07:26:57;11024275
2018-10-04 10:34:04;11019855
2018-10-03 07:06:10;11014499
2018-10-02 11:23:58;11010850
2018-10-01 06:50:33;11004899
2018-09-30 07:19:48;11000877
2018-09-29 06:07:00;10996799
2018-09-28 07:08:28;10992204
2018-09-27 12:08:01;10988559
2018-09-26 07:06:51;10982971
2018-09-25 07:25:58;10978489
2018-09-24 07:11:15;10973510
2018-09-23 07:04:44;10969633
2018-09-22 06:01:51;10965710
2018-09-21 06:52:26;10961207
2018-09-20 07:02:34;10956628
2018-09-19 06:40:14;10951933
2018-09-18 06:46:30;10947134
2018-09-17 07:10:23;10942415
2018-09-16 09:46:18;10939089
2018-09-15 06:28:41;10934523
2018-09-14 07:19:39;10930109
2018-09-13 10:02:00;10925983
2018-09-12 07:13:33;10921107
2018-09-11 09:17:58;10916857
2018-09-10 07:11:58;10911580
2018-09-09 06:11:45;10907302
2018-09-08 05:57:06;10903273
2018-09-07 07:06:56;10898897
2018-09-06 07:35:59;10894251
2018-09-05 07:08:17;10889690
2018-09-04 07:18:10;10885118
2018-09-03 07:26:24;10880523
2018-09-02 07:34:24;10876740
2018-09-01 06:04:49;10872613
2018-08-31 06:50:31;10868294
2018-08-30 06:24:46;10863797
2018-08-29 06:48:14;10859514
2018-08-28 06:44:34;10854870
2018-08-27 07:07:52;10850534
2018-08-26 06:56:08;10846565
2018-08-25 06:07:14;10842368
2018-08-24 07:01:36;10837729
2018-08-22 07:24:44;10828513
2018-08-21 07:06:18;10823777
2018-08-20 06:59:18;10818960
2018-08-17 07:30:02;10810860
2018-08-16 07:44:30;10808316
2018-08-15 08:21:12;10805851
2018-08-14 07:33:26;10803316
2018-08-13 07:31:04;10800911
2018-08-10 07:28:15;10793824
2018-08-09 09:08:38;10791332
2018-08-08 07:19:14;10788649
2018-08-07 07:33:48;10786443
2018-08-06 07:31:24;10784149
2018-08-03 07:28:19;10776860
2018-08-02 07:34:22;10774292
2018-08-01 07:18:35;10771578
2018-07-31 07:18:38;10768760
2018-07-30 07:39:30;10765974
2018-06-08 07:37:51;10655744
2018-06-07 07:32:42;10653792
2018-06-06 07:48:47;10651940
2018-06-05 07:37:02;10650000
2018-06-04 11:12:00;10648550
2018-06-01 08:08:03;10642779
2018-05-31 07:27:18;10641106
2018-05-29 07:47:16;10637766
2018-05-28 07:17:10;10635985
2018-05-27 06:14:54;10632626
2018-05-26 06:04:35;10629120
2018-05-25 07:22:25;10625128
2018-05-24 08:56:22;10621251
2018-05-23 07:19:59;10617069
2018-05-22 07:14:13;10612878
2018-05-21 07:15:29;10608586
2018-05-20 06:24:00;10604946
2018-05-19 07:35:18;10601801
2018-05-18 07:51:53;10597692
2018-05-17 08:16:50;10593270
2018-05-16 10:48:12;10589799
2018-05-15 07:01:17;10584517
2018-05-14 07:17:24;10580282
2018-05-13 06:49:50;10576686
2018-05-12 06:05:38;10573114
2018-05-11 06:59:51;10569055
2018-05-10 10:04:53;10566060
2018-05-09 10:32:16;10562434
2018-05-08 07:36:17;10557405
2018-05-07 06:52:33;10553056
2018-05-06 05:49:35;10549346
2018-05-05 05:52:24;10545799
2018-05-04 07:43:19;10541316
2018-05-03 08:43:36;10537008
2018-05-02 08:16:15;10532431
2018-04-30 07:02:18;10526121
2018-04-29 10:43:05;10522884
2018-04-28 06:47:18;10518536
2018-04-27 06:39:49;10513998
2018-04-26 07:24:53;10509481
2018-04-25 06:45:52;10504902
2018-04-24 06:16:28;10499913
2018-04-23 07:08:56;10495106
2018-04-22 06:14:50;10491025
2018-04-21 07:24:39;10487478
2018-04-20 07:30:07;10483071
2018-04-19 10:39:33;10479102
2018-04-18 07:26:04;10473866
2018-04-17 09:43:13;10469235
2018-04-16 07:02:41;10463599
2018-04-15 05:58:15;10459447
2018-04-14 06:04:11;10455587
2018-04-13 07:16:53;10451175
2018-04-12 09:13:39;10446581
2018-04-11 07:18:12;10441512
2018-04-10 07:01:29;10436502
2018-04-09 07:27:17;10431287
2018-04-08 12:20:27;10428189
2018-04-07 06:43:54;10422943
2018-04-06 07:22:29;10417883
2018-04-05 06:53:10;10412411
2018-04-04 07:23:09;10407588
2018-04-03 07:07:41;10402496
2018-04-02 10:49:46;10398835
2018-04-01 09:38:44;10394585
2018-03-31 09:11:08;10390836
2018-03-30 10:33:25;10387503
2018-03-29 09:31:30;10382939
2018-03-28 07:25:05;10377915
2018-03-27 07:32:58;10373219
2018-03-26 06:46:32;10368510
2018-03-25 05:53:19;10364265
2018-03-24 05:56:17;10359909
2018-03-23 07:28:57;10355475
2018-03-22 07:00:56;10350359
2018-03-21 07:08:29;10345401
2018-03-20 07:08:04;10340787
2018-03-19 07:16:44;10335519
2018-03-18 07:07:00;10330972
2018-03-17 06:57:48;10327142
2018-03-15 06:58:55;10318411
2018-03-14 07:26:43;10313857
2018-03-13 06:41:35;10308402
2018-03-12 06:49:59;10302934
2018-03-11 06:34:22;10298263
2018-03-10 06:02:59;10293598
2018-03-09 07:19:43;10288646
2018-03-08 10:54:59;10284322
2018-03-07 07:41:04;10279602
2018-03-06 07:33:50;10275203
2018-03-05 06:59:36;10270579
2018-03-04 06:45:02;10266855
2018-03-03 05:59:30;10263139
2018-03-02 07:11:18;10259036
2018-03-01 08:58:52;10254826
2018-02-28 07:11:40;10250501
2018-02-27 07:05:54;10246338
2018-02-26 07:20:21;10241850
2018-02-25 09:57:37;10238273
2018-02-24 06:01:54;10234013
2018-02-23 06:58:15;10229748
2018-02-22 06:43:24;10225280
2018-02-21 06:54:34;10221179
2018-02-20 06:56:18;10216912
2018-02-19 10:11:37;10212393
2018-02-18 07:23:20;10208446
2018-02-17 06:29:43;10204226
2018-02-16 07:26:46;10199357
2018-02-15 10:00:49;10194650
2018-02-14 07:06:43;10188976
2018-02-13 12:27:45;10185197
2018-02-12 06:52:29;10178355
2018-02-11 05:44:52;10173942
2018-02-10 05:50:14;10169556
2018-02-09 10:15:41;10165430
2018-02-08 09:52:17;10159763
2018-02-07 08:44:14;10155092
2018-02-06 07:16:14;10149944
2018-02-05 07:20:39;10145243
2018-02-04 11:00:06;10141987
2018-02-03 07:22:00;10137388
2018-02-02 08:24:21;10132899
2018-02-01 06:39:28;10127238
2018-01-31 06:47:47;10122053
2018-01-30 06:25:38;10116634
2018-01-29 07:09:30;10111312
2018-01-28 08:44:09;10106913
2018-01-27 06:23:42;10102045
2018-01-26 07:30:51;10096994
2018-01-25 14:03:39;10093261
2018-01-24 07:25:57;10086397
2018-01-23 07:08:32;10081276
2018-01-22 06:50:41;10076308
2018-01-21 06:29:56;10072142
2018-01-20 05:53:51;10067949
2018-01-19 07:15:19;10063413
2018-01-18 07:12:07;10058403
2018-01-17 07:09:27;10053702
2018-01-16 07:12:42;10048728
2018-01-15 06:59:08;10043349
2018-01-14 07:12:09;10038679
2018-01-13 05:39:49;10033955
2018-01-12 07:00:26;10029057
2018-01-11 07:01:19;10023680
2018-01-10 07:10:06;10018475
2018-01-08 07:07:49;10007567
2018-01-07 06:25:06;10002725
2018-01-06 10:24:13;9999316
2018-01-05 07:21:18;9993542
2018-01-04 09:15:19;9988560
2018-01-03 07:23:31;9983050
2018-01-02 07:07:32;9977649
2017-12-31 10:05:38;9971332
2017-12-30 05:58:52;9966125
2017-12-29 07:09:23;9960976
2017-12-28 07:01:34;9955676
2017-12-27 07:25:22;9950758
2017-12-26 10:33:57;9946931
2017-12-23 06:32:00;9936813
2017-12-22 06:48:00;9931817
2017-12-21 06:01:27;9926662
2017-12-20 06:42:44;9921679
2017-12-19 06:58:58;9916538
2017-12-18 07:49:22;9911347
2017-12-17 06:35:30;9906515
2017-12-16 06:45:17;9902125
2017-12-15 07:15:21;9896970
2017-12-14 13:58:17;9893330
2017-12-13 07:27:21;9886564
2017-12-12 07:20:56;9881165
2017-12-11 06:49:17;9875614
2017-12-10 07:19:08;9871058
2017-12-09 06:02:52;9866213
2017-12-08 07:12:42;9861097
2017-12-07 07:10:08;9855634
2017-12-06 10:43:55;9852282
2017-12-05 07:05:49;9846404
2017-12-04 09:56:09;9841815
2017-12-03 07:24:03;9836427
2017-12-02 06:14:59;9831850
2017-12-01 06:58:04;9826924
2017-11-30 06:59:44;9821688
2017-11-29 06:48:50;9816489
2017-11-28 06:56:54;9811159
2017-11-27 07:04:57;9805749
2017-11-26 06:14:31;9800987
2017-11-25 06:22:12;9796498
2017-11-24 07:22:06;9791690
2017-11-23 09:20:35;9786810
2017-11-22 07:34:49;9781342
2017-11-21 07:09:19;9776069
2017-11-20 06:51:01;9770620
2017-11-19 06:59:50;9766032
2017-11-18 05:58:05;9761281
2017-11-17 07:06:05;9756229
2017-11-16 07:19:11;9750946
2017-11-15 07:06:50;9745633
2017-11-14 07:10:44;9740248
2017-11-13 10:00:29;9735601
2017-11-12 10:50:32;9731085
2017-11-11 06:40:01;9725783
2017-11-10 07:07:27;9720887
2017-11-09 07:35:30;9716021
2017-11-08 06:44:35;9710677
2017-11-07 06:59:14;9705449
2017-11-06 07:41:07;9700476
2017-11-05 06:13:54;9696044
2017-11-04 11:14:53;9693252
2017-11-03 07:16:49;9687438
2017-11-02 11:54:16;9683137
2017-11-01 07:01:30;9676786
2017-10-31 07:27:27;9671673
2017-10-30 06:47:32;9666188
2017-10-29 06:43:29;9661564
2017-10-28 05:50:21;9656795
2017-10-27 07:08:42;9651783
2017-10-25 08:30:03;9641746
2017-10-24 07:09:42;9636111
2017-10-23 14:45:26;9632877
2017-10-22 06:05:25;9626116
2017-10-21 06:38:14;9621845
2017-10-20 06:51:34;9616844
2017-10-19 05:56:37;9611686
2017-10-18 06:49:47;9607033
2017-10-17 06:51:57;9602136
2017-10-16 07:17:32;9597476
2017-10-15 09:57:29;9594043
2017-10-14 06:03:52;9589938
2017-10-13 07:17:42;9585301
2017-10-12 08:50:26;9580492
2017-10-11 07:28:04;9575555
2017-10-10 09:30:38;9571293
2017-10-09 06:46:43;9565677
2017-10-08 08:31:33;9561868
2017-10-07 06:23:28;9557461
2017-10-06 07:11:47;9552958
2017-10-05 07:42:00;9548306
2017-10-04 07:04:47;9543639
2017-10-03 07:04:39;9538787
2017-10-02 07:17:24;9533937
2017-10-01 10:07:03;9530387
2017-09-30 06:03:03;9525811
2017-09-29 07:22:03;9521368
2017-09-28 07:12:24;9516592
2017-09-27 06:42:50;9511892
2017-09-26 06:28:48;9507152
2017-09-25 07:14:47;9502630
2017-09-24 08:44:05;9498933
2017-09-23 06:02:43;9494610
2017-09-22 07:20:32;9490215
2017-09-21 09:06:33;9485916
2017-09-20 07:32:53;9481084
2017-09-19 08:16:55;9476535
2017-09-18 06:44:09;9471302
2017-09-17 06:54:52;9467241
2017-09-16 05:55:14;9463040
2017-09-15 07:06:07;9458615
2017-09-14 07:13:23;9453903
2017-09-13 07:08:18;9449382
2017-09-12 07:03:18;9444588
2017-09-11 07:30:02;9440039
2017-09-10 06:16:30;9435747
2017-09-09 06:10:35;9431610
2017-09-08 06:58:11;9427202
2017-09-07 07:15:11;9422715
2017-09-06 06:57:23;9418355
2017-09-05 06:36:37;9413816
2017-09-04 07:06:38;9409372
2017-09-03 06:31:03;9405456
2017-09-02 06:07:59;9401642
2017-09-01 07:00:12;9397406
2017-08-31 07:27:54;9392747
2017-08-30 07:50:11;9388300
2017-08-29 07:27:09;9383445
2017-08-28 06:48:38;9378972
2017-08-27 06:01:00;9375028
2017-08-26 06:08:01;9371219
2017-08-25 07:03:57;9367006
2017-08-24 07:13:19;9362684
2017-08-23 07:23:48;9358371
2017-08-22 05:47:14;9353569
2017-08-21 09:27:19;9349835
2017-08-17 07:08:36;9339084
2017-08-16 06:56:49;9336805
2017-08-15 07:13:50;9334644
2017-08-14 07:17:05;9332523
2017-08-11 07:17:55;9325844
2017-08-10 07:24:26;9323475
2017-08-09 07:02:45;9321090
2017-08-08 07:06:37;9318812
2017-08-07 07:11:20;9316599
2017-08-03 07:02:57;9307482
2017-08-01 07:13:50;9303119
2017-07-31 07:48:00;9300832
2017-07-28 07:56:34;9294276
2017-07-27 09:30:07;9292172
2017-07-26 10:53:12;9290061
2017-07-24 09:36:53;9285414
2017-07-21 07:48:28;9279417
2017-07-20 08:43:30;9277774
2017-07-19 07:58:04;9275918
2017-07-18 07:07:52;9274114
2017-07-17 10:58:10;9272446
2017-07-14 06:44:05;9267060
2017-07-12 07:31:24;9263137
2017-07-11 07:34:21;9261147
2017-07-10 08:31:43;9259455
2017-07-07 07:03:06;9254337
2017-07-06 07:03:40;9252514
2017-07-05 07:42:57;9250867
2017-07-04 08:05:56;9248991
2017-07-03 07:57:50;9246965
2017-06-30 09:51:09;9241676
2017-06-29 09:50:46;9239509
2017-06-28 13:40:18;9237881
2017-06-27 12:25:47;9235673
2017-06-22 07:03:27;9226249
2017-06-21 07:16:06;9224545
2017-06-20 07:13:38;9222443
2017-06-19 07:09:19;9220684
2017-06-16 07:31:14;9214684
2017-06-15 07:29:30;9212482
2017-06-14 07:02:25;9210340
2017-06-13 07:50:35;9208073
2017-06-12 07:27:21;9205340
2017-06-09 07:06:52;9199468
2017-06-08 07:15:03;9196811
2017-06-07 07:15:34;9194585
2017-06-06 07:01:59;9192369
2017-06-05 07:06:28;9189656
2017-06-02 06:54:34;9181643
2017-06-01 07:21:01;9177377
2017-05-31 08:13:19;9173476
2017-05-30 07:08:36;9168801
2017-05-29 07:02:28;9164524
2017-05-28 06:04:15;9160664
2017-05-27 06:23:37;9156934
2017-05-26 06:44:25;9152839
2017-05-25 09:03:46;9149465
2017-05-24 06:35:20;9146210
2017-05-23 07:05:18;9141909
2017-05-22 07:07:54;9137473
2017-05-21 06:18:42;9133876
2017-05-20 06:09:54;9130374
2017-05-19 07:16:29;9126187
2017-05-18 13:13:08;9122818
2017-05-17 07:16:14;9117126
2017-05-16 07:02:12;9112780
2017-05-15 07:36:10;9108358
2017-05-14 06:26:45;9104555
2017-05-13 05:55:18;9100703
2017-05-12 07:07:57;9096521
2017-05-11 07:15:23;9091714
2017-05-10 07:12:20;9086897
2017-05-09 07:09:46;9081947
2017-05-08 07:08:45;9076686
2017-05-07 12:22:33;9073785
2017-05-06 06:27:24;9069029
2017-05-05 06:44:08;9064732
2017-05-04 06:38:08;9060155
2017-05-03 06:43:22;9055810
2017-05-02 06:53:43;9051171
2017-04-30 06:13:56;9044693
2017-04-29 06:52:43;9041103
2017-04-28 07:04:48;9036488
2017-04-26 07:31:53;9027034
2017-04-25 06:50:23;9021553
2017-04-24 07:25:38;9016948
2017-04-23 06:04:45;9012451
2017-04-22 06:32:52;9008085
2017-04-21 07:10:54;9003561
2017-04-20 13:26:11;8999904
2017-04-19 07:10:02;8993850
2017-04-18 07:06:04;8988947
2017-04-17 09:04:01;8985087
2017-04-16 12:15:32;8982045
2017-04-15 10:15:23;8977851
2017-04-14 11:20:57;8974600
2017-04-13 15:20:09;8970879
2017-04-11 07:27:53;8958831
2017-04-10 07:02:17;8953536
2017-04-09 11:58:35;8950565
2017-04-08 06:27:54;8945178
2017-04-07 07:20:22;8940467
2017-04-06 09:07:08;8935657
2017-04-05 07:19:58;8930626
2017-04-04 07:19:02;8925611
2017-04-03 06:10:43;8919991
2017-03-31 07:32:30;8906198
2017-03-30 10:19:41;8901617
2017-03-29 06:55:24;8896045
2017-03-28 06:58:31;8891061
2017-03-27 07:21:44;8886271
2017-03-25 06:09:16;8877767
2017-03-24 06:53:57;8872722
2017-03-23 07:08:42;8867720
2017-03-22 06:49:47;8862656
2017-03-21 06:45:52;8857293
2017-03-20 07:05:02;8852246
2017-03-19 06:49:55;8847945
2017-03-18 06:05:03;8843464
2017-03-17 07:12:35;8838516
2017-03-16 10:28:52;8834059
2017-03-15 07:15:14;8828449
2017-03-14 09:36:58;8823621
2017-03-13 06:46:22;8817567
2017-03-12 06:51:35;8812869
2017-03-11 05:51:45;8808258
2017-03-10 07:45:16;8803395
2017-03-09 10:36:03;8798547
2017-03-08 07:16:15;8792650
2017-03-07 07:07:23;8787319
2017-03-06 07:20:31;8782581
2017-03-05 06:07:36;8778357
2017-03-04 06:19:50;8774179
2017-03-03 06:47:57;8769038
2017-03-02 07:25:46;8763706
2017-03-01 06:44:10;8758661
2017-02-28 06:38:03;8753156
2017-02-27 07:36:04;8748156
2017-02-26 06:20:18;8743510
2017-02-25 06:04:53;8739165
2017-02-24 07:07:04;8734542
2017-02-22 07:02:47;8724135
2017-02-21 06:59:18;8719165
2017-02-20 06:44:14;8713686
2017-02-19 06:19:14;8709027
2017-02-18 05:58:27;8704458
2017-02-17 07:14:27;8699501
2017-02-16 07:42:35;8694162
2017-02-15 07:03:29;8688986
2017-02-14 07:03:51;8683716
2017-02-13 07:19:48;8678371
2017-02-12 08:27:44;8673738
2017-02-11 06:19:21;8669116
2017-02-10 06:46:30;8664501
2017-02-09 07:40:00;8660055
2017-02-08 06:40:17;8655354
2017-02-07 06:46:42;8650469
2017-02-06 07:03:30;8645524
2017-02-05 06:20:38;8640756
2017-02-04 06:05:16;8636018
2017-02-03 07:14:48;8630896
2017-02-02 07:00:00;8625455
2017-02-01 07:07:27;8620316
2017-01-31 07:01:44;8614914
2017-01-30 06:41:32;8609332
2017-01-29 06:47:40;8604782
2017-01-28 05:51:28;8600002
2017-01-27 07:02:46;8594927
2017-01-26 08:15:54;8589689
2017-01-25 07:08:46;8584263
2017-01-24 06:57:54;8578876
2017-01-23 07:01:43;8573450
2017-01-22 07:00:17;8568695
2017-01-21 06:23:07;8563825
2017-01-20 06:47:48;8558547
2017-01-18 06:47:46;8547953
2017-01-17 06:43:42;8542488
2017-01-16 06:58:59;8537197
2017-01-15 06:16:47;8532889
2017-01-14 06:03:40;8528358
2017-01-13 07:22:06;8523392
2017-01-12 09:18:23;8518365
2017-01-11 07:24:44;8512727
2017-01-10 07:15:06;8507209
2017-01-08 06:02:04;8497078
2017-01-07 06:03:21;8492588
2017-01-06 09:31:32;8489346
2017-01-05 09:32:12;8485119
2017-01-04 06:55:32;8480220
2017-01-03 06:58:32;8475245
2017-01-02 06:56:57;8469696
2016-12-31 06:21:46;8462359
2016-12-30 07:31:36;8457324
2016-12-29 06:59:50;8451673
2016-12-28 07:44:04;8446533
2016-12-27 11:28:12;8443774
2016-12-26 11:18:07;8440972
2016-12-23 17:10:52;8433858
2016-12-22 18:58:05;8431535
2016-12-21 08:15:06;8427808
2016-12-20 07:23:30;8425177
2016-12-19 07:29:58;8422642
2016-12-18 08:22:50;8420254
2016-12-16 10:29:55;8415443
2016-12-14 15:09:10;8410942
2016-12-13 15:34:57;8408473
2016-12-12 16:54:29;8406358
2016-12-09 07:11:50;8398966
2016-12-08 11:47:21;8396729
2016-12-07 08:53:31;8393395
2016-12-06 10:04:57;8389759
2016-12-05 12:55:07;8385666
2016-12-04 06:18:22;8379304
2016-12-03 06:41:11;8375275
2016-12-02 10:02:26;8371095
2016-12-01 09:29:33;8365160
2016-11-30 07:24:53;8359418
2016-11-29 09:29:50;8354596
2016-11-28 07:00:46;8348674
2016-11-27 06:00:56;8343838
2016-11-26 09:30:34;8340091
2016-11-25 07:03:00;8333931
2016-11-24 08:35:47;8328692
2016-11-23 07:17:00;8323537
2016-11-22 07:14:38;8318179
2016-11-21 07:04:50;8313005
2016-11-20 13:53:51;8309972
2016-11-19 06:28:24;8303448
2016-11-18 06:41:40;8297908
2016-11-17 07:19:31;8292515
2016-11-16 06:31:15;8286900
2016-11-15 06:42:30;8281413
2016-11-14 06:52:24;8275939
2016-11-13 06:31:47;8271241
2016-11-12 06:07:23;8266654
2016-11-11 07:11:12;8261645
2016-11-10 07:27:44;8256464
2016-11-09 06:59:24;8251570
2016-11-08 06:58:09;8246748
2016-11-07 06:46:50;8241803
2016-11-06 06:00:07;8238222
2016-11-05 06:09:14;8234891
2016-11-04 07:24:09;8230137
2016-11-03 14:06:13;8226470
2016-11-02 07:10:07;8219829
2016-11-01 06:58:29;8214418
2016-10-31 07:01:29;8209067
2016-10-30 07:57:37;8204646
2016-10-29 06:25:46;8199821
2016-10-28 06:51:41;8194758
2016-10-27 07:20:07;8189728
2016-10-26 06:37:59;8184393
2016-10-25 06:39:13;8179018
2016-10-24 07:11:18;8173657
2016-10-22 05:54:52;8164175
2016-10-21 07:32:45;8159354
2016-10-20 07:11:17;8153907
2016-10-19 07:07:34;8149009
2016-10-18 07:00:19;8143936
2016-10-17 06:38:53;8138909
2016-10-16 07:19:29;8134781
2016-10-15 05:49:16;8130138
2016-10-14 07:07:55;8125198
2016-10-13 06:55:43;8119981
2016-10-12 07:05:26;8114916
2016-10-11 07:05:06;8109681
2016-10-10 07:28:29;8104696
2016-10-09 05:57:53;8100092
2016-10-08 05:56:14;8095817
2016-10-07 06:47:44;8091062
2016-10-06 06:57:16;8085980
2016-10-05 06:37:59;8080943
2016-10-04 06:36:16;8075869
2016-10-03 07:32:44;8071105
2016-10-02 10:03:25;8067486
2016-10-01 06:04:46;8062700
2016-09-30 07:19:02;8058315
2016-09-29 08:33:02;8053607
2016-09-28 07:16:59;8048738
2016-09-27 07:28:55;8043987
2016-09-26 06:44:19;8038975
2016-09-25 07:17:44;8034927
2016-09-24 05:56:09;8030602
2016-09-23 07:00:31;8026053
2016-09-22 09:58:27;8021944
2016-09-21 07:02:13;8016923
2016-09-20 07:14:41;8012322
2016-09-19 07:01:29;8007425
2016-09-18 11:55:03;8004478
2016-09-17 05:59:13;7999316
2016-09-16 06:52:11;7994849
2016-09-15 07:49:29;7990142
2016-09-14 06:42:47;7985358
2016-09-13 06:49:09;7980707
2016-09-12 07:02:20;7976033
2016-09-11 06:11:58;7971841
2016-09-10 06:41:20;7967836
2016-09-09 07:25:26;7963417
2016-09-08 13:41:42;7960123
2016-09-07 07:18:32;7954324
2016-09-06 09:27:58;7950131
2016-09-05 06:48:38;7944826
2016-09-04 06:55:56;7940634
2016-09-03 05:52:24;7936263
2016-09-02 07:12:05;7931958
2016-09-01 07:45:15;7927275
2016-08-31 07:22:19;7922880
2016-08-30 07:46:11;7918599
2016-08-29 07:21:36;7913853
2016-08-28 09:31:41;7910313
2016-08-27 10:56:40;7907011
2016-08-26 06:43:28;7901216
2016-08-25 08:02:21;7896632
2016-08-22 09:55:51;7883465
2016-08-19 07:16:23;7875565
2016-08-18 08:05:29;7873507
2016-08-17 07:48:36;7871621
2016-08-16 07:23:18;7869086
2016-08-15 08:16:33;7867289
2016-08-12 07:50:54;7862116
2016-08-11 07:19:13;7860127
2016-08-10 07:29:58;7858448
2016-08-09 07:22:01;7856558
2016-08-08 07:17:33;7854919
2016-08-05 07:49:23;7850067
2016-08-04 07:29:09;7848067
2016-08-03 07:28:05;7846498
2016-08-02 07:36:31;7844899
2016-08-01 10:42:29;7843514
2016-07-29 07:22:53;7838430
2016-07-28 07:20:22;7836653
2016-07-27 07:53:04;7835042
2016-07-26 07:27:47;7833042
2016-07-25 13:09:57;7831558
2016-07-22 09:58:11;7825271
2016-07-21 08:23:34;7823207
2016-07-20 08:20:15;7821489
2016-07-18 07:38:30;7818320
2016-07-07 07:33:58;7800422
2016-07-06 07:40:33;7798942
2016-07-04 07:02:59;7795966
2016-07-01 07:33:09;7790613
2016-06-30 10:05:23;7788698
2016-06-28 12:08:05;7785012
2016-06-23 06:57:17;7774495
2016-06-22 07:00:12;7772769
2016-06-21 07:30:31;7771197
2016-06-20 06:54:35;7769623
2016-06-17 06:55:06;7764015
2016-06-16 07:01:13;7761384
2016-06-15 08:04:23;7759462
2016-06-14 07:02:13;7757244
2016-06-13 07:31:15;7755356
2016-06-10 07:50:35;7750163
2016-06-08 07:30:19;7746150
2016-06-07 07:01:47;7744042
2016-06-06 07:00:27;7742038
2016-06-03 07:23:09;7737447
2016-06-02 07:05:38;7735564
2016-06-01 07:23:19;7733864
2016-05-30 07:42:41;7730097
2016-05-29 07:03:35;7726581
2016-05-28 06:06:06;7722989
2016-05-27 08:54:40;7719197
2016-05-26 08:57:00;7714321
2016-05-25 08:55:34;7710356
2016-05-24 11:22:14;7706662
2016-05-23 06:51:35;7701390
2016-05-22 07:39:59;7697904
2016-05-21 06:04:58;7694168
2016-05-20 07:11:23;7690103
2016-05-19 10:17:19;7686312
2016-05-18 07:28:26;7681522
2016-05-17 07:33:05;7676990
2016-05-16 07:49:47;7672362
2016-05-15 12:51:17;7669382
2016-05-14 07:20:49;7664437
2016-05-13 06:42:09;7660162
2016-05-12 06:58:34;7656096
2016-05-11 07:33:03;7652096
2016-05-10 08:50:44;7648117
2016-05-09 07:10:26;7643374
2016-05-08 08:54:15;7640217
2016-05-07 06:59:06;7636594
2016-05-06 07:18:17;7632459
2016-05-05 11:51:26;7629683
2016-05-04 07:24:02;7624761
2016-05-03 09:26:25;7620941
2016-05-02 14:52:05;7617779
2016-04-30 06:11:28;7610288
2016-04-29 08:15:05;7606425
2016-04-28 08:11:40;7601836
2016-04-27 07:26:02;7597113
2016-04-26 06:51:42;7591900
2016-04-25 14:02:26;7588681
2016-04-24 12:36:58;7583895
2016-04-23 06:32:56;7578671
2016-04-22 07:11:05;7574131
2016-04-21 10:29:28;7570175
2016-04-20 07:31:47;7564679
2016-04-19 06:51:04;7559495
2016-04-18 07:05:15;7554556
2016-04-17 09:45:32;7550895
2016-04-16 06:21:12;7546702
2016-04-15 07:19:40;7542086
2016-04-14 14:00:02;7538783
2016-04-13 07:27:56;7532739
2016-04-12 09:35:02;7528582
2016-04-11 06:54:44;7522976
2016-04-10 06:05:49;7518777
2016-04-09 06:02:37;7514557
2016-04-08 07:05:55;7509887
2016-04-07 07:33:23;7505032
2016-04-06 07:05:29;7500273
2016-04-05 07:10:26;7495231
2016-04-04 07:45:25;7490678
2016-04-03 12:37:14;7487497
2016-04-02 08:34:12;7482662
2016-04-01 09:02:45;7477867
2016-03-31 08:39:22;7472387
2016-03-30 07:31:24;7467453
2016-03-29 07:40:50;7462806
2016-03-28 11:04:58;7459212
2016-03-27 10:42:25;7455271
2016-03-26 10:48:24;7451334
2016-03-25 10:29:34;7446915
2016-03-24 10:46:24;7442067
2016-03-23 07:37:05;7436408
2016-03-22 07:34:55;7431450
2016-03-21 07:27:40;7426404
2016-03-19 06:24:50;7417765
2016-03-18 07:04:12;7412903
2016-03-17 10:14:23;7408320
2016-03-16 07:01:46;7402753
2016-03-15 07:03:21;7397726
2016-03-14 15:40:57;7394770
2016-03-13 12:01:28;7389085
2016-03-12 06:47:25;7383285
2016-03-11 10:35:51;7379265
2016-03-10 06:56:49;7373026
2016-03-09 09:43:08;7368654
2016-03-08 07:03:29;7362605
2016-03-07 07:03:52;7357148
2016-03-06 06:41:54;7352528
2016-03-05 05:57:52;7347835
2016-03-04 07:22:22;7342892
2016-03-03 09:55:32;7338125
2016-03-02 07:20:00;7332829
2016-03-01 09:36:48;7328383
2016-02-29 07:40:10;7322889
2016-02-28 08:35:00;7318747
2016-02-27 10:52:52;7315046
2016-02-26 07:06:00;7308912
2016-02-25 07:50:37;7303790
2016-02-24 07:06:28;7298492
2016-02-23 14:47:42;7295210
2016-02-22 10:43:01;7288556
2016-02-20 06:05:52;7278166
2016-02-19 09:38:50;7273871
2016-02-18 10:19:36;7268459
2016-02-17 07:43:03;7262707
2016-02-16 07:12:35;7257234
2016-02-15 09:21:23;7252434
2016-02-14 12:37:10;7248479
2016-02-13 09:37:28;7243294
2016-02-12 07:51:13;7237417
2016-02-11 09:12:05;7232168
2016-02-10 07:23:05;7226476
2016-02-09 07:20:32;7220897
2016-02-08 07:22:52;7215362
2016-02-07 09:52:30;7211080
2016-02-06 06:28:54;7206067
2016-02-05 12:56:42;7202884
2016-02-04 09:12:38;7196172
2016-02-03 10:09:30;7191350
2016-02-02 06:56:40;7184929
2016-02-01 07:24:16;7179574
2016-01-31 10:06:40;7175470
2016-01-30 05:58:08;7170024
2016-01-29 07:23:05;7165052
2016-01-28 09:38:09;7160083
2016-01-27 07:40:49;7154424
2016-01-26 09:48:04;7149502
2016-01-25 07:03:37;7143369
2016-01-24 08:01:24;7138912
2016-01-23 06:04:38;7134127
2016-01-22 07:04:40;7129675
2016-01-21 08:36:30;7125553
2016-01-20 07:21:26;7121183
2016-01-19 06:57:02;7116532
2016-01-18 07:19:59;7111840
2016-01-17 09:33:46;7108054
2016-01-16 06:29:28;7103516
2016-01-15 07:08:22;7098899
2016-01-14 07:13:00;7094204
2016-01-13 07:08:57;7089662
2016-01-12 07:08:22;7084893
2016-01-11 07:06:39;7080090
2016-01-10 11:01:25;7077705
2016-01-09 06:05:21;7072886
2016-01-08 07:22:47;7068492
2016-01-07 10:17:36;7064805
2016-01-06 11:05:42;7061383
2016-01-05 08:49:23;7056848
2016-01-04 07:13:20;7051537
2016-01-03 06:22:26;7047282
2016-01-02 06:33:12;7043109
2015-12-31 08:24:48;7036448
2015-12-29 12:14:13;7026837
2015-12-28 09:55:30;7021078
2015-12-27 06:06:40;7015829
2015-12-26 09:58:13;7012214
2015-12-23 07:18:29;7001213
2015-12-22 07:10:20;6995769
2015-12-21 10:50:59;6991606
2015-12-19 13:51:57;6983756
2015-12-18 08:28:35;6976861
2015-12-17 09:56:06;6971563
2015-12-16 07:45:16;6965825
2015-12-15 08:34:44;6960640
2015-12-14 06:55:34;6954791
2015-12-13 08:22:01;6950374
2015-12-12 06:02:05;6945462
2015-12-11 07:19:08;6940323
2015-12-10 10:44:56;6935968
2015-12-09 07:03:38;6930105
2015-12-08 07:02:29;6924650
2015-12-07 07:34:57;6919337
2015-12-06 12:14:45;6916060
2015-12-05 10:04:13;6911500
2015-12-04 07:04:36;6905097
2015-12-03 10:22:18;6900326
2015-12-02 07:08:18;6894221
2015-12-01 07:05:12;6888571
2015-11-30 07:06:48;6882806
2015-11-29 08:20:25;6878217
2015-11-28 06:05:14;6873213
2015-11-27 07:47:13;6868506
2015-11-26 10:09:20;6863417
2015-11-25 07:37:49;6857345
2015-11-24 08:53:19;6852135
2015-11-23 07:09:43;6846143
2015-11-22 06:14:07;6841274
2015-11-21 06:04:33;6836505
2015-11-20 07:01:58;6831208
2015-11-19 09:14:51;6826165
2015-11-18 07:42:45;6820551
2015-11-17 06:57:37;6814978
2015-11-16 07:35:58;6809533
2015-11-15 06:06:02;6804490
2015-11-14 06:37:26;6800104
2015-11-13 07:05:14;6794900
2015-11-12 07:50:11;6789353
2015-11-11 07:05:18;6784207
2015-11-10 07:06:58;6778921
2015-11-09 07:09:41;6773638
2015-11-08 07:28:12;6769455
2015-11-07 06:02:06;6765039
2015-11-06 07:30:35;6760431
2015-11-05 08:49:37;6755331
2015-11-04 07:44:09;6750135
2015-11-03 07:30:43;6745027
2015-11-02 07:08:25;6739857
2015-11-01 09:45:28;6736135
2015-10-31 09:36:35;6732400
2015-10-30 07:01:52;6726854
2015-10-29 08:10:03;6721618
2015-10-28 07:08:30;6716194
2015-10-27 07:01:12;6710701
2015-10-26 06:29:30;6705399
2015-10-24 06:21:19;6696874
2015-10-23 07:05:15;6691977
2015-10-22 09:43:43;6687318
2015-10-21 07:01:28;6681832
2015-10-20 07:03:52;6676768
2015-10-18 08:14:28;6667024
2015-10-17 06:04:55;6662398
2015-10-16 06:28:31;6657221
2015-10-15 07:39:38;6652257
2015-10-14 06:32:13;6646985
2015-10-13 06:36:11;6641809
2015-10-12 07:31:33;6636786
2015-10-11 06:54:38;6632057
2015-10-10 06:03:33;6627332
2015-10-09 07:23:19;6622495
2015-10-08 07:22:50;6617222
2015-10-07 07:31:16;6612242
2015-10-06 07:10:33;6606831
2015-10-05 06:33:07;6601581
2015-10-04 07:03:23;6597396
2015-10-03 05:34:13;6593289
2015-10-02 07:04:35;6588746
2015-10-01 08:08:53;6583995
2015-09-30 07:06:12;6579245
2015-09-29 07:03:29;6574309
2015-09-28 07:06:19;6569425
2015-09-27 09:51:34;6565811
2015-09-26 06:03:09;6561269
2015-09-25 06:34:29;6556542
2015-09-24 08:38:09;6551917
2015-09-23 06:23:46;6546763
2015-09-22 06:46:28;6541999
2015-09-21 07:09:46;6537216
2015-09-20 08:06:53;6533285
2015-09-19 06:07:36;6529119
2015-09-18 07:02:18;6524264
2015-09-17 07:08:08;6519048
2015-09-16 07:00:32;6514177
2015-09-15 07:24:09;6509333
2015-09-14 06:22:22;6504171
2015-09-13 05:53:19;6500235
2015-09-12 05:52:28;6496288
2015-09-11 07:05:00;6491823
2015-09-10 07:18:37;6487031
2015-09-09 07:08:07;6482519
2015-09-08 06:59:43;6477651
2015-09-06 10:13:22;6469431
2015-09-05 06:03:09;6464809
2015-09-04 06:36:33;6460161
2015-09-03 07:00:16;6455339
2015-09-02 06:41:24;6450834
2015-09-01 06:29:12;6446213
2015-08-31 07:07:21;6441766
2015-08-30 06:23:58;6437721
2015-08-29 06:12:18;6434073
2015-08-28 07:05:48;6429777
2015-08-27 07:06:54;6424838
2015-08-26 07:05:50;6420507
2015-08-25 09:18:27;6416440
2015-08-24 06:40:38;6411462
2015-08-23 06:11:43;6407611
2015-08-22 05:55:19;6403958
2015-08-21 07:10:57;6399867
2015-08-20 10:07:39;6395962
2015-08-19 07:03:24;6391275
2015-08-18 07:13:33;6386807
2015-08-17 07:08:11;6382464
2015-08-14 07:25:13;6375962
2015-08-13 07:03:49;6373745
2015-08-12 07:18:03;6371578
2015-08-11 07:08:12;6369390
2015-08-10 07:34:05;6367470
2015-08-07 07:11:46;6361302
2015-08-06 06:43:01;6359233
2015-08-05 06:46:28;6356956
2015-08-04 06:45:19;6355080
2015-08-03 07:09:32;6353339
2015-07-31 06:49:15;6347780
2015-07-30 06:50:06;6345815
2015-07-29 06:53:20;6343883
2015-07-28 07:08:21;6342050
2015-07-27 06:51:13;6340136
2015-07-24 06:40:34;6334567
2015-07-23 06:39:23;6332548
2015-07-22 06:47:09;6330692
2015-07-21 06:33:37;6328877
2015-07-20 07:09:21;6327174
2015-07-17 07:48:28;6321849
2015-07-16 07:01:08;6319821
2015-07-15 07:32:14;6318171
2015-07-14 07:21:01;6316468
2015-07-13 07:36:45;6314836
2015-07-10 07:00:49;6310120
2015-07-09 07:28:57;6308428
2015-07-08 06:59:29;6306631
2015-07-07 07:00:23;6305191
2015-07-06 06:55:30;6303886
2015-07-03 06:56:22;6299607
2015-07-02 06:50:04;6297954
2015-07-01 06:34:56;6296500
2015-06-30 06:49:22;6294889
2015-06-29 06:58:07;6293056
2015-06-28 07:01:42;6290779
2015-06-27 06:32:56;6288158
2015-06-26 06:45:17;6285827
2015-06-25 07:02:29;6283830
2015-06-24 07:29:03;6281812
2015-06-23 07:51:48;6279972
2015-06-22 06:30:03;6277998
2015-06-18 06:49:44;6270962
2015-06-17 06:43:22;6269286
2015-06-16 06:53:24;6267608
2015-06-15 06:36:33;6265770
2015-06-12 06:32:56;6259833
2015-06-11 06:18:16;6257618
2015-06-10 06:33:45;6255327
2015-06-09 07:10:18;6253283
2015-06-08 06:28:48;6251052
2015-06-05 06:34:29;6245580
2015-06-04 06:46:50;6243339
2015-06-03 06:38:26;6240918
2015-06-02 06:47:18;6238618
2015-06-01 06:43:53;6236007
2015-05-29 10:08:23;6230509
2015-05-28 06:58:40;6228303
2015-05-27 07:11:24;6226354
2015-05-26 06:58:29;6224113
2015-05-25 07:09:26;6221901
2015-05-24 14:24:57;6220019
2015-05-22 06:34:48;6210408
2015-05-21 07:51:55;6206175
2015-05-20 06:39:13;6201610
2015-05-19 06:36:27;6196775
2015-05-18 07:13:38;6192221
2015-05-17 06:31:17;6188140
2015-05-16 06:01:45;6184236
2015-05-15 07:33:02;6179614
2015-05-14 10:24:05;6176028
2015-05-13 07:17:29;6170773
2015-05-12 06:46:32;6165980
2015-05-11 06:37:12;6161406
2015-05-10 06:31:00;6157424
2015-05-09 05:57:50;6153156
2015-05-08 07:27:08;6148798
2015-05-07 09:49:33;6144600
2015-05-06 07:06:34;6139511
2015-05-05 07:04:58;6134846
2015-05-04 07:27:16;6130367
2015-05-03 07:16:16;6126374
2015-05-02 06:58:11;6122427
2015-04-30 06:44:03;6116415
2015-04-29 07:32:18;6111313
2015-04-28 06:30:25;6105951
2015-04-27 07:07:33;6101317
2015-04-26 06:33:45;6096705
2015-04-25 06:58:08;6092949
2015-04-24 07:08:27;6088394
2015-04-22 07:31:24;6079045
2015-04-21 10:09:47;6074955
2015-04-20 06:27:22;6069098
2015-04-19 06:55:25;6065146
2015-04-18 05:53:24;6060780
2015-04-17 06:54:12;06055976
2015-04-16 08:03:30;06050753
2015-04-15 07:08:40;06045473
2015-04-14 08:50:15;06040495
2015-04-13 07:04:55;6034944
2015-04-12 08:01:56;6030481
2015-04-11 05:56:33;6026198
2015-04-09 08:33:52;6016875
2015-04-07 09:43:46;6007562
2015-04-06 09:39:34;6002807
2015-04-05 09:46:14;5998766
2015-04-04 08:34:19;5994235
2015-04-03 10:02:26;5990396
2015-04-01 06:41:08;5979596
2015-03-31 07:18:04;5974267
2015-03-30 06:41:31;5968568
2015-03-29 07:30:19;5964108
2015-03-28 05:56:39;5959196
2015-03-27 07:04:20;5954091
2015-03-26 06:55:07;5948821
2015-03-25 07:04:55;5943973
2015-03-24 07:04:07;5938619
2015-03-23 07:05:00;5932845
2015-03-22 13:11:01;5929709
2015-03-21 06:04:18;5924083
2015-03-20 06:51:56;5919078
2015-03-19 08:24:05;5914092
2015-03-18 06:31:03;5908848
2015-03-17 06:35:36;5903824
2015-03-16 08:56:03;5899389
2015-03-13 07:58:12;5885076
2015-03-12 10:26:44;5880252
2015-03-11 07:02:19;5874418
2015-03-10 07:07:07;5868880
2015-03-09 06:41:08;5863392
2015-03-06 09:39:14;5849083
2015-03-05 12:46:10;5844098
2015-03-04 07:07:00;5836839
2015-03-03 07:36:07;5831269
2015-03-02 07:01:46;5825276
2015-03-01 08:15:20;5820686
2015-02-28 06:10:13;5815614
2015-02-27 06:44:58;5810190
2015-02-26 06:47:48;5804672
2015-02-25 06:34:54;5799080
2015-02-24 06:36:57;5793378
2015-02-23 07:30:35;5787648
2015-02-22 06:33:26;5782331
2015-02-21 06:13:17;5777493
2015-02-20 07:17:29;5771976
2015-02-19 07:10:45;5766194
2015-02-18 07:09:02;5760709
2015-02-17 05:56:32;5754643
2015-02-16 06:47:29;5749638
2015-02-15 06:05:17;5745490
2015-02-14 05:45:45;5740609
2015-02-13 07:00:28;5735377
2015-02-12 09:08:37;5730183
2015-02-11 07:05:06;5724347
2015-02-10 07:10:06;5718814
2015-02-09 07:26:14;5713229
2015-02-08 07:16:22;5708454
2015-02-07 06:00:38;5703438
2015-02-06 06:51:44;5697976
2015-02-05 12:24:19;5693713
2015-02-04 06:59:46;5686802
2015-02-03 06:34:11;5681036
2015-02-02 07:26:52;5675550
2015-02-01 08:12:14;5670738
2015-01-31 06:05:20;5665578
2015-01-30 06:57:50;5660145
2015-01-29 06:54:46;5654265
2015-01-28 06:56:47;5648573
2015-01-27 07:01:40;5642786
2015-01-26 06:38:50;5636765
2015-01-25 06:55:33;5631949
2015-01-24 06:05:30;5626865
2015-01-23 07:08:36;5622237
2015-01-22 07:05:53;5617164
2015-01-21 07:11:21;5612344
2015-01-20 07:02:24;5606877
2015-01-19 07:04:12;5601230
2015-01-18 07:42:12;5596230
2015-01-17 06:01:05;5590952
2015-01-16 06:38:53;5585398
2015-01-15 07:30:37;5579822
2015-01-14 06:36:16;5574125
2015-01-13 06:59:23;5568704
2015-01-12 07:14:01;5563609
2015-01-11 08:07:11;5559389
2015-01-10 06:08:26;5554275
2015-01-09 07:05:55;5548880
2015-01-08 10:02:52;5543896
2015-01-07 06:49:14;5537823
2015-01-06 10:16:46;5534186
2015-01-05 06:30:37;5528662
2015-01-04 07:20:01;5523960
2015-01-03 05:59:34;5518860
2015-01-02 07:02:06;5513228
2014-12-31 07:11:40;5505694
2014-12-30 09:45:03;5500950
2014-12-29 07:17:53;5495420
2014-12-28 06:19:12;5491132
2014-12-27 06:08:16;5486883
2014-12-26 10:42:35;5483325
2014-12-23 06:10:38;5473468
2014-12-22 07:13:02;5468475
2014-12-21 06:52:04;5463792
2014-12-20 06:06:24;5459262
2014-12-19 07:00:46;5454135
2014-12-18 07:04:19;5448807
2014-12-17 07:22:06;5443759
2014-12-16 06:42:48;5438266
2014-12-15 06:32:21;5432551
2014-12-12 07:07:42;5417982
2014-12-11 06:54:02;5412197
2014-12-10 07:17:16;5406817
2014-12-09 07:10:03;5401344
2014-12-08 07:03:25;5395730
2014-12-07 06:12:16;5390785
2014-12-06 09:01:37;5387086
2014-12-05 06:40:13;5381327
2014-12-04 06:26:17;5376069
2014-12-03 06:59:32;5370887
2014-12-02 06:30:43;5365364
2014-12-01 07:08:39;5360167
2014-11-30 06:20:24;5355417
2014-11-29 05:51:26;5350787
2014-11-28 06:44:46;5345636
2014-11-27 09:01:20;5340356
2014-11-26 07:08:39;5334636
2014-11-25 07:02:15;5329013
2014-11-24 06:22:39;5323053
2014-11-23 12:55:56;5319846
2014-11-21 06:34:47;5307927
2014-11-20 07:25:54;5302443
2014-11-19 07:04:58;5296889
2014-11-18 07:05:02;5291263
2014-11-17 07:05:19;5285484
2014-11-16 08:30:13;5280905
2014-11-15 05:58:18;5275671
2014-11-14 06:32:53;5270320
2014-11-13 07:03:55;5264733
2014-11-12 06:51:01;5259294
2014-11-11 06:27:03;5253793
2014-11-10 07:14:53;5248590
2014-11-09 06:19:56;5243781
2014-11-08 06:18:48;5239003
2014-11-07 07:05:47;5233674
2014-11-06 07:02:49;5228076
2014-11-05 06:54:10;5222686
2014-11-04 07:23:04;5217495
2014-11-03 07:01:31;5212122
2014-11-02 09:46:55;5208011
2014-11-01 05:52:24;5202842
2014-10-31 06:59:42;5197992
2014-10-30 10:10:29;5193355
2014-10-29 07:06:24;5187440
2014-10-27 07:35:16;5177149
2014-10-26 06:08:12;5172460
2014-10-25 06:12:52;5168022
2014-10-24 06:44:41;5162646
2014-10-23 08:24:36;5157564
2014-10-22 07:10:48;5152234
2014-10-21 06:34:43;5146684
2014-10-20 07:05:36;5141211
2014-10-19 06:18:46;5136523
2014-10-18 06:18:23;5131935
2014-10-17 07:40:16;5126803
2014-10-15 07:07:02;5115728
2014-10-14 06:53:04;5110423
2014-10-13 06:51:44;5105190
2014-10-12 06:48:29;5100569
2014-10-11 05:55:44;5095905
2014-10-10 08:33:21;5091417
2014-10-09 11:40:39;5086802
2014-10-08 07:36:50;5080943
2014-10-07 07:17:35;5075853
2014-10-06 07:22:04;5070800
2014-10-05 08:00:52;5066655
2014-10-04 06:13:28;5062460
2014-10-03 07:04:56;5058375
2014-10-02 09:47:13;5053870
2014-10-01 06:41:46;5048239
2014-09-30 06:39:07;5043195
2014-09-29 06:56:27;5038169
2014-09-28 06:25:27;5033987
2014-09-27 06:18:23;5030085
2014-09-26 06:48:16;5025150
2014-09-25 06:57:58;5020142
2014-09-24 07:04:16;5015192
2014-09-23 06:53:44;5009866
2014-09-22 06:50:42;5004656
2014-09-21 09:38:26;5000853
2014-09-20 06:04:51;4996009
2014-09-19 07:36:20;4991583
2014-09-18 08:28:26;4986740
2014-09-17 07:03:34;4981800
2014-09-16 07:11:01;4977101
2014-09-15 06:58:05;4972102
2014-09-14 09:58:58;4968467
2014-09-13 06:00:52;4963867
2014-09-12 06:48:27;4959028
2014-09-11 08:44:43;4954360
2014-09-10 06:45:25;4949299
2014-09-09 06:22:39;4944032
2014-09-08 07:06:52;4939277
2014-09-07 06:47:54;4935070
2014-09-06 06:24:45;4930915
2014-09-05 06:58:10;4926255
2014-09-04 07:08:20;4921275
2014-09-03 07:03:07;4916334
2014-09-02 06:55:47;4911357
2014-09-01 07:05:43;4906552
2014-08-31 09:14:03;4902733
2014-08-30 05:53:58;4898393
2014-08-29 07:16:33;4893878
2014-08-28 08:50:48;4889126
2014-08-27 07:06:13;4884030
2014-08-26 07:04:48;4878912
2014-08-25 14:42:16;4875767
2014-08-25 07:54:58;04874067
2014-08-22 06:46:35;4860979
2014-08-21 08:54:53;4856474
2014-08-20 06:46:46;4851478
2014-08-19 06:36:24;4846625
2014-08-18 07:52:51;4841998
2014-08-15 07:59:23;4834918
2014-08-14 07:04:40;4832428
2014-08-13 07:18:36;4830446
2014-08-12 07:15:04;4828419
2014-08-11 07:10:58;4825988
2014-08-08 07:10:15;4818743
2014-08-07 07:13:00;4816370
2014-08-06 07:04:04;4814198
2014-08-05 07:10:24;4811940
2014-08-04 07:11:10;4809560
2014-08-01 06:52:45;4802560
2014-07-31 11:01:16;4800630
2014-07-30 06:52:32;4797833
2014-07-29 07:20:58;4795608
2014-07-28 07:54:51;4793273
2014-07-25 06:48:32;4786605
2014-07-24 09:21:18;4784606
2014-07-24 06:56:09;4784353
2014-07-23 06:56:31;4782227
2014-07-22 06:56:39;4780313
2014-07-21 07:05:50;4778304
2014-07-16 09:01:08;04767358
2014-07-11 06:54:12;4756857
2014-07-10 07:04:47;4754800
2014-07-09 10:08:23;4752959
2014-07-08 06:53:33;4750742
2014-07-07 07:04:37;4748778
2014-07-04 07:23:47;4744186
2014-07-03 07:20:19;4742439
2014-07-02 08:44:49;4740570
2014-07-01 07:44:45;4738697
2014-06-30 07:54:03;4736930
2014-06-27 07:37:43;4732480
2014-06-26 07:10:16;4730880
2014-06-25 07:04:31;4729206
2014-06-24 09:35:12;4727822
2014-06-23 07:05:35;4725726
2014-06-19 07:25:09;4719690
2014-06-18 08:01:24;4718101
2014-06-17 07:18:38;4716546
2014-06-16 07:04:13;4715064
2014-06-13 07:15:22;4709814
2014-06-12 07:22:27;4707415
2014-06-11 07:23:01;4705220
2014-06-10 07:16:41;4703029
2014-06-09 12:07:33;4701285
2014-06-09 07:00:00;4700667
2014-06-06 07:00:00;4694273
2014-06-05 07:00:00;4691674
2014-06-04 07:00:00;4688753
2014-06-03 07:00:00;4686193
2014-06-02 07:00:00;4684218
2014-05-30 07:00:00;4678272
2014-05-28 07:00:00;4674513
2014-05-27 07:00:00;4672487
2014-05-26 07:00:00;4670160
2014-05-25 07:00:00;4666184
2014-05-24 07:00:00;4662201
2014-05-23 07:00:00;4657934
2014-05-22 07:00:00;4653600
2014-05-21 07:00:00;4648953
2014-05-20 07:00:00;4644483
2014-05-18 07:00:00;4635680
2014-05-17 07:00:00;4631954
2014-05-16 07:00:00;4627629
2014-05-15 07:00:00;4623259
2014-05-14 07:00:00;4618967
2014-05-13 07:00:00;4614300
2014-05-12 07:00:00;4609400
2014-05-11 07:00:00;4605817
2014-05-10 07:00:00;4601680
2014-05-09 07:00:00;4597116
2014-05-08 07:00:00;4591880
2014-05-07 07:00:00;4587688
2014-05-06 11:04:36;4584106
2014-05-06 07:00:00;4583028
2014-05-05 10:57:23;4579468
2014-05-05 07:00:00;4578453
2014-05-04 12:00:00;4574020
2014-05-03 12:00:00;4569993
2014-05-02 12:00:00;4564955
2014-04-30 12:00:00;4558669
2014-04-29 12:00:00;4553953
2014-04-28 12:00:00;4549102
2014-04-27 12:00:00;4545022
2014-04-26 12:00:00;4541034
2014-04-25 12:00:00;4536594
2014-04-24 12:00:00;4531651
2014-04-23 12:00:00;4527198
2014-04-22 12:00:00;4522513
2014-04-21 12:00:00;4519392
2014-04-20 12:00:00;4514821
2014-04-19 12:00:00;4511489
2014-04-18 12:00:00;4507457
2014-04-17 12:00:00;4502779
2014-04-16 12:00:00;4497410
2014-04-15 12:00:00;4492272
2014-04-14 12:00:00;4487437
2014-04-13 12:00:00;4483782
2014-04-12 12:00:00;4478859
2014-04-11 12:00:00;4473542
2014-04-10 12:00:00;4468643
2014-04-09 12:00:00;4463606
2014-04-08 12:00:00;4458555
2014-04-07 12:00:00;4453131
2014-04-06 12:00:00;4449227
2014-04-05 12:00:00;4444278
2014-04-04 12:00:00;4439721
2014-04-03 12:00:00;4434555
2014-04-02 12:00:00;4429705
2014-04-01 12:00:00;4424497
2014-03-31 12:00:00;4419398
2014-03-30 12:00:00;4415247
2014-03-29 12:00:00;4410903
2014-03-28 12:00:00;4406268
2014-03-27 12:00:00;4401345
2014-03-26 12:00:00;4396311
2014-03-25 12:00:00;4391326
2014-03-24 12:00:00;4386418
2014-03-23 12:00:00;4381684
2014-03-22 12:00:00;4377240
2014-03-21 12:00:00;4372453
2014-03-20 12:00:00;4367843
2014-03-19 12:00:00;4362205
2014-03-18 12:00:00;4356831
2014-03-17 12:00:00;4351662
2014-03-16 12:00:00;4347278
2014-03-15 12:00:00;4342687
2014-03-14 12:00:00;4337702
2014-03-13 12:00:00;4332663
2014-03-12 12:00:00;4327909
2014-03-11 12:00:00;4322584
2014-03-10 12:00:00;4316968
2014-03-09 12:00:00;4312739
2014-03-08 12:00:00;4308196
2014-03-07 12:00:00;4302900
2014-03-06 12:00:00;4297766
2014-03-05 12:00:00;4292627
2014-03-04 12:00:00;4287073
2014-03-03 12:00:00;4281547
2014-03-02 12:00:00;4276854
2014-03-01 12:00:00;4272322
2014-02-28 12:00:00;4267280
2014-02-27 12:00:00;4262188
2014-02-26 12:00:00;4256471
2014-02-25 12:00:00;4250740
2014-02-24 12:00:00;4245266
2014-02-23 12:00:00;4240747
2014-02-22 12:00:00;4235605
2014-02-21 12:00:00;4230593
2014-02-20 12:00:00;4225180
2014-02-19 12:00:00;4219834
2014-02-18 12:00:00;4214327
2014-02-17 12:00:00;4208717
2014-02-16 12:00:00;4204212
2014-02-15 12:00:00;4199251
2014-02-14 12:00:00;4194110
2014-02-13 12:00:00;4189138
2014-02-12 12:00:00;4183367
2014-02-11 12:00:00;4177788
2014-02-10 12:00:00;4172409
2014-02-09 12:00:00;4167354
2014-02-08 12:00:00;4162528
2014-02-07 12:00:00;4157271
2014-02-06 12:00:00;4152507
2014-02-05 12:00:00;4146624
2014-02-04 12:00:00;4140908
2014-02-03 12:00:00;4135356
2014-02-02 12:00:00;4130615
2014-02-01 12:00:00;4126361
2014-01-31 12:00:00;4121306
2014-01-30 12:00:00;4116513
2014-01-29 12:00:00;4111572
2014-01-28 12:00:00;4106569
2014-01-27 12:00:00;4101338
2014-01-26 12:00:00;4096990
2014-01-25 12:00:00;4092322
2014-01-24 12:00:00;4087784
2014-01-23 12:00:00;4083098
2014-01-22 12:00:00;4078226
2014-01-21 12:00:00;4073556
2014-01-20 12:00:00;4068706
2014-01-19 12:00:00;4064565
2014-01-18 12:00:00;4060583
2014-01-17 12:00:00;4056049
2014-01-16 12:00:00;4051152
2014-01-15 12:00:00;4046219
2014-01-14 12:00:00;4041522
2014-01-13 12:00:00;4036883
2014-01-12 12:00:00;4032656
2014-01-11 12:00:00;4027937
2014-01-10 12:00:00;4022720
2014-01-09 12:00:00;4017262
2014-01-08 12:00:00;4012052
2014-01-07 12:00:00;4006539
2014-01-06 12:00:00;4002247
2014-01-05 12:00:00;3997154
2014-01-04 12:00:00;3992156
2014-01-03 12:00:00;3986884
2014-01-02 12:00:00;3981805
2013-12-31 12:00:00;3974049
2013-12-30 12:00:00;3968483
2013-12-29 12:00:00;3963581
2013-12-28 12:00:00;3958962
2013-12-25 12:00:00;3953465
2013-12-24 12:00:00;3949047
2013-12-23 12:00:00;3938298
2013-12-22 12:00:00;3933559
2013-12-21 12:00:00;3928681
2013-12-20 12:00:00;3923781
2013-12-19 12:00:00;3918475
2013-12-18 12:00:00;3913490
2013-12-17 12:00:00;3908147
2013-12-16 12:00:00;3902762
2013-12-15 12:00:00;3898090
2013-12-14 12:00:00;3893633
2013-12-13 12:00:00;3888532
2013-12-12 12:00:00;3883235
2013-12-11 12:00:00;3878081
2013-12-10 12:00:00;3872644
2013-12-09 12:00:00;3867688
2013-12-08 12:00:00;3863351
2013-12-07 12:00:00;3858952
2013-12-06 12:00:00;3855091
2013-12-04 12:00:00;3844303
2013-12-03 12:00:00;3838936
2013-12-02 12:00:00;3833694
2013-12-01 12:00:00;3829098
2013-11-30 12:00:00;3824295
2013-11-29 12:00:00;3819103
2013-11-28 12:00:00;3813703
2013-11-27 12:00:00;3808615
2013-11-26 12:00:00;3803259
2013-11-25 12:00:00;3797884
2013-11-24 12:00:00;3793310
2013-11-23 12:00:00;3788589
2013-11-22 12:00:00;3783412
2013-11-21 12:00:00;3777933
2013-11-20 12:00:00;3772556
2013-11-19 12:00:00;3767304
2013-11-18 12:00:00;3762106
2013-11-17 12:00:00;3758184
2013-11-16 12:00:00;3753089
2013-11-15 12:00:00;3748052
2013-11-14 12:00:00;3742765
2013-11-13 12:00:00;3737619
2013-11-12 12:00:00;3732153
2013-11-11 12:00:00;3726577
2013-11-10 12:00:00;3721955
2013-11-09 12:00:00;3717257
2013-11-08 12:00:00;3712262
2013-11-07 12:00:00;3707119
2013-11-06 12:00:00;3701700
2013-11-05 12:00:00;3696211
2013-11-04 12:00:00;3690873
2013-11-03 12:00:00;3686992
2013-11-02 12:00:00;3683089
2013-11-01 12:00:00;3677395
2013-10-31 12:00:00;3672633
2013-10-30 12:00:00;3667236
2013-10-29 12:00:00;3662121
2013-10-28 12:00:00;3657099
2013-10-27 12:00:00;3652650
2013-10-26 12:00:00;3648130
2013-10-25 12:00:00;3643444
2013-10-24 12:00:00;3638738
2013-10-23 12:00:00;3633123
2013-10-22 12:00:00;3627783
2013-10-21 12:00:00;3622449
2013-10-20 12:00:00;3617960
2013-10-19 12:00:00;3613528
2013-10-18 12:00:00;3608560
2013-10-17 12:00:00;3603069
2013-10-16 12:00:00;3597967
2013-10-15 12:00:00;3592993
2013-10-14 12:00:00;3587959
2013-10-13 12:00:00;3583720
2013-10-12 12:00:00;3579157
2013-10-11 12:00:00;3574374
2013-10-10 12:00:00;3569535
2013-10-09 12:00:00;3564160
2013-10-08 12:00:00;3558832
2013-10-07 12:00:00;3553871
2013-10-06 12:00:00;3549483
2013-10-05 12:00:00;3545064
2013-10-04 12:00:00;3540478
2013-10-03 12:00:00;3535699
2013-10-02 12:00:00;3530515
2013-10-01 12:00:00;3525336
2013-09-30 12:00:00;3520001
2013-09-29 12:00:00;3515800
2013-09-28 12:00:00;3511461
2013-09-27 12:00:00;3506829
2013-09-26 12:00:00;3502241
2013-09-25 12:00:00;3496902
2013-09-24 12:00:00;3491803
2013-09-23 12:00:00;3486423
2013-09-22 12:00:00;3482212
2013-09-21 12:00:00;3477613
2013-09-20 12:00:00;3472679
2013-09-19 12:00:00;3467918
2013-09-18 12:00:00;3462168
2013-09-17 12:00:00;3456993
2013-09-16 12:00:00;3452033
2013-09-15 12:00:00;3448007
2013-09-14 12:00:00;3443528
2013-09-12 12:00:00;3438965
2013-09-11 12:00:00;3434028
2013-09-10 12:00:00;3423839
2013-09-09 12:00:00;3418700
2013-09-08 12:00:00;3414112
2013-09-07 12:00:00;3410037
2013-09-06 12:00:00;3405419
2013-09-05 12:00:00;3400616
2013-09-04 12:00:00;3395999
2013-09-03 12:00:00;3391076
2013-09-02 12:00:00;3386098
2013-09-01 12:00:00;3382347
2013-08-31 12:00:00;3377405
2013-08-30 12:00:00;3372723
2013-08-29 12:00:00;3369047
2013-08-28 12:00:00;3363193
2013-08-27 12:00:00;3358123
2013-08-26 12:00:00;3353221
2013-08-25 12:00:00;3349355
2013-08-24 12:00:00;3345087
2013-08-23 12:00:00;3340788
2013-08-22 12:00:00;3337067
2013-08-21 12:00:00;3332109
2013-08-20 12:00:00;3328028
2013-08-19 12:00:00;3322021
2013-08-16 12:00:00;3314379
2013-08-15 12:00:00;3311652
2013-08-14 12:00:00;3309143
2013-08-13 12:00:00;3307129
2013-08-12 12:00:00;3304981
2013-08-09 12:00:00;3298742
2013-08-08 12:00:00;3296688
2013-08-07 12:00:00;3294312
2013-08-06 12:00:00;3292376
2013-08-05 12:00:00;3290517
2013-08-02 12:00:00;3284818
2013-08-01 12:00:00;3282892
2013-07-31 12:00:00;3280957
2013-07-30 12:00:00;3278552
2013-07-29 12:00:00;3276259
2013-07-25 12:00:00;3269623
2013-07-24 12:00:00;3267799
2013-07-23 12:00:00;3265749
2013-07-19 12:00:00;3258367
2013-07-18 12:00:00;3256442
2013-07-17 12:00:00;3254793
2013-07-16 12:00:00;3253348
2013-07-15 12:00:00;3251636
2013-07-12 12:00:00;3247422
2013-07-11 12:00:00;3246277
2013-07-10 12:00:00;3244703
2013-07-09 12:00:00;3243197
2013-07-08 12:00:00;3241633
2013-07-05 12:00:00;3237252
2013-07-04 12:00:00;3235649
2013-07-03 12:00:00;3234234
2013-07-02 12:00:00;3232589
2013-07-01 12:00:00;3231024
2013-06-28 12:00:00;3226355
2013-06-27 12:00:00;3224064
2013-06-26 12:00:00;3221827
2013-06-25 12:00:00;3220015
2013-06-24 12:00:00;3218156
2013-06-20 12:00:00;3211513
2013-06-19 12:00:00;3209948
2013-06-18 12:00:00;3208398
2013-06-17 12:00:00;3206899
2013-06-14 12:00:00;3201075
2013-06-13 12:00:00;3198247
2013-06-12 12:00:00;3195966
2013-06-11 12:00:00;3193619
2013-06-10 12:00:00;3191093
2013-06-07 12:00:00;3185624
2013-06-06 12:00:00;3182847
2013-06-05 12:00:00;3180434
2013-06-04 12:00:00;3177682
2013-06-03 12:00:00;3175143
2013-05-31 12:00:00;3168576
2013-05-30 12:00:00;3166189
2013-05-29 12:00:00;3164174
2013-05-28 12:00:00;3162117
2013-05-27 12:00:00;3159951
2013-05-26 12:00:00;3156181
2013-05-25 12:00:00;3152974
2013-05-24 12:00:00;3148426
2013-05-23 12:00:00;3143724
2013-05-22 12:00:00;3138968
2013-05-21 12:00:00;3134314
2013-05-20 12:00:00;3129204
2013-05-19 12:00:00;3125609
2013-05-18 12:00:00;3120757
2013-05-14 12:00:00;3110848
2013-05-13 12:00:00;3106456
2013-05-12 12:00:00;3102911
2013-05-11 12:00:00;3099358
2013-05-10 12:00:00;3094703
2013-05-09 12:00:00;3092067
2013-05-08 12:00:00;3086363
2013-05-07 12:00:00;3081920
2013-05-06 12:00:00;3077693
2013-05-05 12:00:00;3073536
2013-05-04 12:00:00;3069477
2013-05-03 12:00:00;3065534
2013-05-02 12:00:00;3060931
2013-04-30 12:00:00;3054800
2013-04-29 12:00:00;3050002
2013-04-28 12:00:00;3046183
2013-04-27 12:00:00;3041943
2013-04-26 12:00:00;3036939
2013-04-25 12:00:00;3032405
2013-04-24 12:00:00;3027965
2013-04-23 12:00:00;3022817
2013-04-22 12:00:00;3017888
2013-04-21 12:00:00;3013955
2013-04-20 12:00:00;3010078
2013-04-19 12:00:00;3005483
2013-04-18 12:00:00;3001827
2013-04-17 12:00:00;2995473
2013-04-16 12:00:00;2990221
2013-04-15 12:00:00;2984713
2013-04-14 12:00:00;2980479
2013-04-13 12:00:00;2975561
2013-04-12 12:00:00;2970651
2013-04-11 12:00:00;2965679
2013-04-10 12:00:00;2961176
2013-04-09 12:00:00;2956570
2013-04-08 12:00:00;2951543
2013-04-07 12:00:00;2947197
2013-04-06 12:00:00;2942892
2013-04-05 12:00:00;2938366
2013-04-04 12:00:00;2933199
2013-04-03 12:00:00;2928257
2013-04-02 12:00:00;2922894
2013-04-01 12:00:00;2919584
2013-03-31 12:00:00;2915830
2013-03-30 12:00:00;2911715
2013-03-29 12:00:00;2908499
2013-03-28 12:00:00;2903993
2013-03-27 12:00:00;2898017
2013-03-26 12:00:00;2892878
2013-03-25 12:00:00;2887750
2013-03-24 12:00:00;2884034
2013-03-23 12:00:00;2879196
2013-03-22 12:00:00;2874431
2013-03-21 12:00:00;2867000
2013-03-20 12:00:00;2864514
2013-03-19 12:00:00;2859537
2013-03-17 12:00:00;2851290
2013-03-16 12:00:00;2846242
2013-03-14 12:00:00;2836432
2013-03-13 12:00:00;2830941
2013-03-12 12:00:00;2825613
2013-03-11 12:00:00;2820334
2013-03-10 12:00:00;2816061
2013-03-09 12:00:00;2812029
2013-03-08 12:00:00;2807263
2013-03-07 12:00:00;2803875
2013-03-06 12:00:00;2797089
2013-03-05 12:00:00;2791521
2013-03-04 12:00:00;2786222
2013-03-03 12:00:00;2781896
2013-03-02 12:00:00;2777507
2013-03-01 12:00:00;2772316
2013-02-28 12:00:00;2766440
2013-02-27 12:00:00;2761005
2013-02-26 12:00:00;2755272
2013-02-25 12:00:00;2749597
2013-02-24 12:00:00;2745459
2013-02-23 12:00:00;2739784
2013-02-22 12:00:00;2734724
2013-02-21 12:00:00;2729042
2013-02-20 12:00:00;2723868
2013-02-19 12:00:00;2718232
2013-02-18 12:00:00;2712671
2013-02-17 12:00:00;2707657
2013-02-16 12:00:00;2702856
2013-02-15 12:00:00;2695517
2013-02-14 12:00:00;2693492
2013-02-13 12:00:00;2686681
2013-02-12 12:00:00;2680972
2013-02-11 12:00:00;2675396
2013-02-10 12:00:00;2670574
2013-02-09 12:00:00;2665753
2013-02-08 12:00:00;2660835
2013-02-07 12:00:00;2655327
2013-02-06 12:00:00;2650072
2013-02-05 12:00:00;2645282
2013-02-04 12:00:00;2638758
2013-02-03 12:00:00;2634767
2013-02-02 12:00:00;2629325
2013-02-01 12:00:00;2624780
2013-01-31 12:00:00;2619538
2013-01-30 12:00:00;2612956
2013-01-29 12:00:00;2607143
2013-01-28 12:00:00;2601492
2013-01-27 12:00:00;2596950
2013-01-26 12:00:00;2592158
2013-01-25 12:00:00;2587480
2013-01-24 12:00:00;2583208
2013-01-23 12:00:00;2577577
2013-01-22 12:00:00;2572503
2013-01-21 12:00:00;2567416
2013-01-20 12:00:00;2562956
2013-01-19 12:00:00;2558559
2013-01-18 12:00:00;2554384
2013-01-17 12:00:00;2549477
2013-01-16 12:00:00;2544521
2013-01-15 12:00:00;2539476
2013-01-14 12:00:00;2534006
2013-01-13 12:00:00;2529172
2013-01-12 12:00:00;2524709
2013-01-11 12:00:00;2520568
2013-01-10 12:00:00;2514800
2013-01-09 12:00:00;2509657
2013-01-08 12:00:00;2503975
2013-01-07 12:00:00;2498467
2013-01-06 12:00:00;2493972
2013-01-05 12:00:00;2489405
2013-01-04 12:00:00;2484055
2013-01-03 12:00:00;2472640
2012-12-31 12:00:00;2464476
2012-12-30 12:00:00;2460106
2012-12-29 12:00:00;2454843
2012-12-28 12:00:00;2450206
2012-12-27 12:00:00;2445551
2012-12-26 12:00:00;2440770
2012-12-23 12:00:00;2432866
2012-12-22 12:00:00;2428177
2012-12-21 12:00:00;2424019
2012-12-20 12:00:00;2419498
2012-12-19 12:00:00;2414465
2012-12-18 12:00:00;2409375
2012-12-17 12:00:00;2404375
2012-12-15 12:00:00;2395361
2012-12-14 12:00:00;2390338
2012-12-12 12:00:00;2380084
2012-12-11 12:00:00;2374819
2012-12-10 12:00:00;2369807
2012-12-09 12:00:00;2364980
2012-12-08 12:00:00;2360216
2012-12-06 12:00:00;2351976
2012-12-05 12:00:00;2346844
2012-12-04 12:00:00;2342264
2012-12-03 12:00:00;2337490
2012-12-02 12:00:00;2334108
2012-12-01 12:00:00;2329244
2012-11-29 12:00:00;2320049
2012-11-28 12:00:00;2313952
2012-11-27 12:00:00;2308428
2012-11-25 12:00:00;2298191
2012-11-24 12:00:00;2293009
2012-11-23 12:00:00;2287933
2012-11-22 12:00:00;2283500
2012-11-21 12:00:00;2278401
2012-11-20 12:00:00;2271577
2012-11-19 12:00:00;2265964
2012-11-18 12:00:00;2261774
2012-11-17 12:00:00;2256551
2012-11-16 12:00:00;2251591
2012-11-15 12:00:00;2247517
2012-11-14 12:00:00;2240409
2012-11-13 12:00:00;2234882
2012-11-12 12:00:00;2229307
2012-11-11 12:00:00;2225403
2012-11-10 12:00:00;2219683
2012-11-09 12:00:00;2214468
2012-11-08 12:00:00;2209582
2012-11-07 12:00:00;2203728
2012-11-06 12:00:00;2198011
2012-11-05 12:00:00;2192469
2012-11-04 12:00:00;2187834
2012-11-03 12:00:00;2183831
2012-11-02 12:00:00;2178456
2012-11-01 12:00:00;2173387
2012-10-31 12:00:00;2167816
2012-10-30 12:00:00;2162366
2012-10-29 12:00:00;2157042
2012-10-28 12:00:00;2152908
2012-10-27 12:00:00;2148756
2012-10-26 12:00:00;2144348
2012-10-25 12:00:00;2140300
2012-10-24 12:00:00;2134736
2012-10-23 12:00:00;2129851
2012-10-22 12:00:00;2124843
2012-10-21 12:00:00;2121845
2012-10-20 12:00:00;2116705
2012-10-19 12:00:00;2112248
2012-10-18 12:00:00;2107402
2012-10-17 12:00:00;2102036
2012-10-16 12:00:00;2097032
2012-10-15 12:00:00;2091750
2012-10-14 12:00:00;2087974
2012-10-13 12:00:00;2083639
2012-10-11 12:00:00;2079240
2012-10-10 12:00:00;2075690
2012-10-09 12:00:00;2064639
2012-10-08 12:00:00;2059695
2012-10-07 12:00:00;2055628
2012-10-06 12:00:00;2051267
2012-10-05 12:00:00;2046716
2012-10-04 12:00:00;2042072
2012-10-03 12:00:00;2036909
2012-10-02 12:00:00;2031958
2012-10-01 12:00:00;2026990
2012-09-30 12:00:00;2022788
2012-09-29 12:00:00;2018747
2012-09-28 12:00:00;2014850
2012-09-27 12:00:00;2009544
2012-09-26 12:00:00;2004087
2012-09-25 12:00:00;1999230
2012-09-24 12:00:00;1994658
2012-09-23 12:00:00;1990066
2012-09-22 12:00:00;1985890
2012-09-21 12:00:00;1981391
2012-09-20 12:00:00;1978034
2012-09-19 12:00:00;1971967
2012-09-18 12:00:00;1967143
2012-09-17 12:00:00;1962063
2012-09-16 12:00:00;1958749
2012-09-15 12:00:00;1953832
2012-09-14 12:00:00;1949203
2012-09-13 12:00:00;1944660
2012-09-12 12:00:00;1939694
2012-09-11 12:00:00;1934596
2012-09-10 12:00:00;1929698
2012-09-08 12:00:00;1921862
2012-09-07 12:00:00;1917102
2012-09-06 12:00:00;1912851
2012-09-05 12:00:00;1907839
2012-09-04 12:00:00;1902831
2012-09-03 12:00:00;1898052
2012-09-02 12:00:00;1894287
2012-09-01 12:00:00;1889723
2012-08-31 12:00:00;1884778
2012-08-30 12:00:00;1881379
2012-08-29 12:00:00;1874964
2012-08-28 12:00:00;1869967
2012-08-27 12:00:00;1864794
2012-08-26 12:00:00;1860756
2012-08-25 12:00:00;1856144
2012-08-24 12:00:00;1851630
2012-08-23 12:00:00;1847107
2012-08-22 12:00:00;1842034
2012-08-21 12:00:00;1837268
2012-08-20 12:00:00;1832661
2012-08-15 12:00:00;1821063
2012-08-14 12:00:00;1818105
2012-08-13 12:00:00;1816030
2012-08-10 12:00:00;1809680
2012-08-09 12:00:00;1807659
2012-08-08 12:00:00;1805758
2012-08-07 12:00:00;1803107
2012-08-06 12:00:00;1800757
2012-08-03 12:00:00;1793670
2012-08-02 12:00:00;1791650
2012-08-01 12:00:00;1789831
2012-07-31 12:00:00;1787723
2012-07-30 12:00:00;1785185
2012-07-27 12:00:00;1779103
2012-07-26 12:00:00;1777067
2012-07-24 12:00:00;1772098
2012-07-23 12:00:00;1769851
2012-07-20 12:00:00;1764583
2012-07-19 12:00:00;1762764
2012-07-18 12:00:00;1760895
2012-07-17 12:00:00;1759099
2012-07-16 12:00:00;1757056
2012-07-13 12:00:00;1751247
2012-07-12 12:00:00;1749274
2012-07-11 12:00:00;1747782
2012-07-10 12:00:00;1745173
2012-07-09 12:00:00;1742460
2012-07-06 12:00:00;1735262
2012-07-05 12:00:00;1733182
2012-07-04 12:00:00;1731246
2012-07-03 12:00:00;1729500
2012-07-02 12:00:00;1727814
2012-06-29 12:00:00;1722786
2012-06-28 12:00:00;1720589
2012-06-27 12:00:00;1719035
2012-06-25 12:00:00;1716772
2012-06-24 12:00:00;1714748
2012-06-19 12:00:00;1704329
2012-06-18 12:00:00;1702903
2012-06-15 12:00:00;1697081
2012-06-14 12:00:00;1695860
2012-06-13 12:00:00;1692572
2012-06-12 12:00:00;1690451
2012-06-11 12:00:00;1686254
2012-06-10 12:00:00;1683152
2012-06-09 12:00:00;1679139
2012-06-08 12:00:00;1675984
2012-06-07 12:00:00;1673028
2012-06-06 12:00:00;1670711
2012-06-05 12:00:00;1669155
2012-06-04 12:00:00;1666260
2012-06-01 12:00:00;1659158
2012-05-31 12:00:00;1656463
2012-05-30 12:00:00;1654237
2012-05-29 12:00:00;1651807
2012-05-25 12:00:00;1641294
2012-05-24 12:00:00;1638470
2012-05-23 12:00:00;1635941
2012-05-22 12:00:00;1634116
2012-05-21 12:00:00;1631198
2012-05-20 12:00:00;1625959
2012-05-19 12:00:00;1621245
2012-05-18 12:00:00;1616224
2012-05-17 12:00:00;1611961
2012-05-16 12:00:00;1605915
2012-05-15 12:00:00;1601056
2012-05-14 12:00:00;1594677
2012-05-13 12:00:00;1590573
2012-05-12 12:00:00;1585286
2012-05-11 12:00:00;1580017
2012-05-10 12:00:00;1575290
2012-05-09 12:00:00;1568899
2012-05-08 12:00:00;1563611
2012-05-07 12:00:00;1559702
2012-05-06 12:00:00;1553832
2012-05-05 12:00:00;1548619
2012-05-04 12:00:00;1543209
2012-05-03 12:00:00;1538174
2012-05-02 12:00:00;1536523
2012-05-01 12:00:00;1532734
2012-04-30 12:00:00;1525728
2012-04-29 12:00:00;1521216
2012-04-28 12:00:00;1516320
2012-04-27 12:00:00;1511083
2012-04-26 12:00:00;1506025
2012-04-25 12:00:00;1500249
2012-04-24 12:00:00;1494510
2012-04-23 12:00:00;1488745
2012-04-22 12:00:00;1484015
2012-04-21 12:00:00;1478498
2012-04-20 12:00:00;1472923
2012-04-19 12:00:00;1467646
2012-04-18 12:00:00;1461813
2012-04-17 12:00:00;1456703
2012-04-16 12:00:00;1450663
2012-04-15 12:00:00;1446593
2012-04-14 12:00:00;1442106
2012-04-13 12:00:00;1435152
2012-04-12 12:00:00;1430395
2012-04-11 12:00:00;1423780
2012-04-10 12:00:00;1417849
2012-04-09 12:00:00;1413845
2012-04-08 12:00:00;1409207
2012-04-07 12:00:00;1403362
2012-04-06 12:00:00;1399034
2012-04-05 12:00:00;1393995
2012-04-04 12:00:00;1387183
2012-04-03 12:00:00;1381263
2012-04-02 12:00:00;1374998
2012-04-01 12:00:00;1369988
2012-03-31 12:00:00;1364777
2012-03-30 12:00:00;1359548
2012-03-29 12:00:00;1353358
2012-03-28 12:00:00;1347529
2012-03-27 12:00:00;1342103
2012-03-26 12:00:00;1335438
2012-03-25 12:00:00;1330977
2012-03-24 12:00:00;1324172
2012-03-23 12:00:00;1318309
2012-03-22 12:00:00;1311983
2012-03-21 12:00:00;1306224
2012-03-20 12:00:00;1300110
2012-03-19 12:00:00;1294063
2012-03-18 12:00:00;1289640
2012-03-17 12:00:00;1282657
2012-03-16 12:00:00;1276344
2012-03-15 12:00:00;1270534
2012-03-14 12:00:00;1264370
2012-03-13 12:00:00;1258749
2012-03-12 12:00:00;1251269
2012-03-11 12:00:00;1245929
2012-03-10 12:00:00;1240071
2012-03-09 12:00:00;1233849
2012-03-08 12:00:00;1227233
2012-03-07 12:00:00;1221899
2012-03-06 12:00:00;1215534
2012-03-05 12:00:00;1209629
2012-03-04 12:00:00;1205242
2012-03-03 12:00:00;1199897
2012-03-02 12:00:00;1193589
2012-03-01 12:00:00;1187296
2012-02-29 12:00:00;1180726
2012-02-28 12:00:00;1175197
2012-02-27 12:00:00;1167667
2012-02-26 12:00:00;1162259
2012-02-25 12:00:00;1156645
2012-02-24 12:00:00;1150102
2012-02-23 12:00:00;1144425
2012-02-22 12:00:00;1137009
2012-02-21 12:00:00;1130230
2012-02-20 12:00:00;1123575
2012-02-19 12:00:00;1117906
2012-02-18 12:00:00;1112167
2012-02-17 12:00:00;1105890
2012-02-16 12:00:00;1099145
2012-02-15 12:00:00;1092992
2012-02-14 12:00:00;1086637
2012-02-13 12:00:00;1080530
2012-02-12 12:00:00;1075817
2012-02-11 12:00:00;1070049
2012-02-10 12:00:00;1064140
2012-02-09 12:00:00;1058298
2012-02-08 12:00:00;1052866
2012-02-07 12:00:00;1047627
2012-02-06 12:00:00;1041705
2012-02-04 12:00:00;1033396
2012-02-03 12:00:00;1028351
2012-02-02 12:00:00;1024391
2012-02-01 12:00:00;1017197
2012-01-31 12:00:00;1010940
2012-01-30 12:00:00;1004557
2012-01-29 12:00:00;999447
2012-01-28 12:00:00;993905
2012-01-27 12:00:00;988185
2012-01-26 12:00:00;981981
2012-01-25 12:00:00;975875
2012-01-24 12:00:00;967752
2012-01-23 12:00:00;963314
2012-01-22 12:00:00;958116
2012-01-21 12:00:00;952344
2012-01-20 12:00:00;946067
2012-01-19 12:00:00;939438
2012-01-18 12:00:00;932780
2012-01-17 12:00:00;926323
2012-01-16 12:00:00;920296
2012-01-15 12:00:00;914948
2012-01-14 12:00:00;909625
2012-01-13 12:00:00;905801
2012-01-12 12:00:00;897028
2012-01-11 12:00:00;890381
2012-01-10 12:00:00;883901
2012-01-09 12:00:00;877827
2012-01-08 12:00:00;872490
2012-01-07 12:00:00;866588
2012-01-06 12:00:00;861546
2012-01-05 12:00:00;855221
2012-01-04 12:00:00;847475
2012-01-03 12:00:00;840766
2012-01-02 12:00:00;833765
