Meter Name;Vedenkulutus;Päävesimittari
Date;Value
2019-01-15 07:45:01;253936
2019-01-14 04:50:43;253789
2019-01-13 04:07:21;253700
2019-01-12 04:01:35;253608
2019-01-11 05:10:45;253487
2019-01-10 05:25:56;253400
2019-01-09 05:22:23;253276
2019-01-08 05:08:45;253148
2019-01-07 05:17:06;253011
2019-01-06 08:32:32;252930
2019-01-05 04:06:40;252838
2019-01-04 04:53:30;252707
2019-01-03 04:27:06;252609
2019-01-02 04:39:00;252478
2018-12-31 05:15:48;252387
2018-12-30 04:15:20;252277
2018-12-29 06:01:15;252189
2018-12-28 05:09:32;252042
2018-12-27 05:08:48;251933
2018-12-26 08:50:51;251869
2018-12-23 07:52:14;251809
2018-12-22 03:59:37;251740
2018-12-21 05:11:27;251648
2018-12-20 05:01:51;251583
2018-12-19 05:10:05;251471
2018-12-18 05:10:02;251353
2018-12-17 05:17:19;251235
2018-12-15 04:45:20;251067
2018-12-14 04:34:18;250952
2018-12-13 05:26:09;250857
2018-12-12 04:53:31;250738
2018-12-11 04:50:08;250608
2018-12-10 05:15:45;250480
2018-12-09 04:20:32;250375
2018-12-08 04:50:52;250290
2018-12-07 04:41:03;250157
2018-12-06 09:56:23;250120
2018-12-05 12:24:26;250048
2018-12-05 06:50:12;249992
2018-12-04 06:52:07;249869
2018-12-03 06:42:21;249733
2018-12-02 06:07:06;249651
2018-12-01 06:41:11;249570
2018-11-30 06:54:41;249445
2018-11-29 06:16:54;249354
2018-11-28 06:59:35;249229
2018-11-27 06:57:33;249106
2018-11-26 07:06:49;248974
2018-11-25 05:52:58;248893
2018-11-24 06:01:20;248807
2018-11-23 08:52:22;248697
2018-11-22 06:58:03;248586
2018-11-21 06:46:52;248453
2018-11-20 06:41:56;248318
2018-11-19 07:07:55;248186
2018-11-18 06:49:42;248082
2018-11-17 06:09:39;247996
2018-11-16 07:00:45;247870
2018-11-15 06:53:37;247775
2018-11-14 06:35:41;247639
2018-11-13 06:53:19;247505
2018-11-12 06:55:28;247373
2018-11-11 06:27:27;247297
2018-11-10 06:08:43;247201
2018-11-09 07:07:30;247077
2018-11-08 07:15:22;246968
2018-11-07 07:03:50;246831
2018-11-06 07:07:26;246684
2018-11-05 06:34:45;246541
2018-11-04 06:17:01;246470
2018-11-03 06:07:49;246402
2018-11-02 06:51:15;246279
2018-11-01 07:20:18;246186
2018-10-31 06:47:42;246059
2018-10-30 06:47:13;245926
2018-10-29 07:15:20;245798
2018-10-28 09:57:18;245702
2018-10-27 06:04:10;245618
2018-10-26 07:07:38;245487
2018-10-25 14:12:31;245424
2018-10-24 07:02:37;245244
2018-10-21 06:38:14;245148
2018-10-20 06:04:00;245059
2018-10-19 07:06:53;244937
2018-10-18 08:17:09;244835
2018-10-17 07:26:23;244705
2018-10-16 07:25:49;244568
2018-10-15 10:13:12;244446
2018-10-14 09:27:38;244342
2018-10-13 06:18:29;244248
2018-10-12 06:51:34;244133
2018-10-11 07:19:45;244049
2018-10-10 06:46:40;243922
2018-10-09 06:15:58;243786
2018-10-08 07:07:15;243656
2018-10-07 06:48:25;243556
2018-10-06 09:22:20;243480
2018-10-05 07:27:49;243349
2018-10-04 10:32:41;243255
2018-10-03 07:04:34;243119
2018-10-02 11:24:56;243013
2018-10-01 06:51:32;242860
2018-09-30 07:20:44;242776
2018-09-29 06:07:52;242688
2018-09-28 07:09:14;242575
2018-09-27 12:08:42;242503
2018-09-26 07:07:34;242366
2018-09-25 07:26:37;242243
2018-09-24 07:09:52;242109
2018-09-23 07:03:20;242015
2018-09-22 06:00:05;241918
2018-09-21 06:53:18;241807
2018-09-20 07:03:26;241714
2018-09-19 06:41:18;241586
2018-09-18 06:47:26;241455
2018-09-17 07:09:22;241319
2018-09-16 09:45:15;241225
2018-09-15 06:29:23;241108
2018-09-14 07:18:16;240994
2018-09-13 10:00:44;240894
2018-09-12 07:12:12;240760
2018-09-11 09:19:21;240632
2018-09-10 07:10:01;240490
2018-09-09 06:10:06;240408
2018-09-08 05:58:02;240318
2018-09-07 07:07:42;240212
2018-09-06 07:36:38;240117
2018-09-05 07:09:08;239992
2018-09-04 07:18:56;239863
2018-09-03 07:24:39;239740
2018-09-02 07:32:55;239660
2018-09-01 06:02:37;239573
2018-08-31 06:51:25;239472
2018-08-30 06:25:36;239392
2018-08-29 06:49:15;239277
2018-08-28 06:45:32;239156
2018-08-27 07:08:34;239040
2018-08-26 06:56:54;238957
2018-08-25 06:07:57;238877
2018-08-24 06:59:26;238771
2018-08-22 08:32:25;238585
2018-08-21 07:04:23;238446
2018-08-20 07:00:27;238346
2018-08-17 07:30:39;238282
2018-08-16 07:45:08;238270
2018-08-15 08:23:29;238239
2018-08-14 07:34:18;238209
2018-08-13 07:29:47;238178
2018-08-10 07:28:58;238139
2018-08-09 09:09:55;238117
2018-08-08 07:19:55;238098
2018-08-07 07:32:41;238065
2018-08-06 07:32:11;238042
2018-08-03 07:29:04;238003
2018-08-02 07:35:09;237988
2018-08-01 07:19:45;237975
2018-07-31 07:19:17;237959
2018-07-30 07:40:40;237938
2018-06-13 07:36:51;234900
2018-06-12 06:57:12;234872
2018-06-08 07:36:40;234810
2018-06-07 07:33:24;234776
2018-06-06 07:47:49;234764
2018-06-05 07:35:18;234753
2018-06-04 11:10:44;234739
2018-06-01 08:07:04;234661
2018-05-31 07:25:37;234642
2018-05-29 07:46:20;234598
2018-05-28 07:16:10;234578
2018-05-27 06:15:50;234517
2018-05-26 06:05:28;234424
2018-05-25 07:23:02;234336
2018-05-24 08:57:17;234266
2018-05-23 07:20:45;234169
2018-05-22 07:14:56;234065
2018-05-21 07:16:26;233964
2018-05-20 06:24:45;233906
2018-05-19 07:33:47;233837
2018-05-18 07:49:54;233746
2018-05-17 08:15:09;233676
2018-05-16 10:46:20;233596
2018-05-15 07:02:08;233473
2018-05-14 07:18:08;233371
2018-05-13 06:50:31;233306
2018-05-12 06:06:20;233232
2018-05-11 06:58:27;233138
2018-05-10 10:03:37;233093
2018-05-09 10:29:54;233009
2018-05-08 07:34:38;232880
2018-05-07 06:53:34;232770
2018-05-06 05:50:28;232703
2018-05-05 05:53:19;232624
2018-05-04 07:44:04;232516
2018-05-03 08:44:28;232418
2018-05-02 08:16:53;232299
2018-04-30 07:03:37;232220
2018-04-29 10:41:39;232150
2018-04-28 06:45:14;232072
2018-04-27 06:40:43;231970
2018-04-26 07:25:39;231889
2018-04-25 06:46:46;231772
2018-04-24 06:17:29;231645
2018-04-23 07:09:37;231523
2018-04-22 06:15:34;231442
2018-04-21 07:25:20;231366
2018-04-20 07:28:26;231261
2018-04-19 10:36:12;231174
2018-04-18 07:24:34;231050
2018-04-17 09:41:53;230928
2018-04-16 07:03:35;230785
2018-04-15 05:59:02;230710
2018-04-14 06:04:55;230627
2018-04-13 07:17:36;230519
2018-04-12 09:12:20;230425
2018-04-11 07:18:59;230299
2018-04-10 06:59:58;230167
2018-04-09 07:26:11;230034
2018-04-08 12:18:14;229965
2018-04-07 06:41:39;229852
2018-04-06 07:23:19;229732
2018-04-05 06:54:04;229641
2018-04-04 07:24:03;229524
2018-04-03 07:09:01;229391
2018-04-02 10:48:25;229318
2018-04-01 09:39:25;229234
2018-03-31 09:12:01;229158
2018-03-30 10:30:38;229082
2018-03-29 09:29:53;228997
2018-03-28 07:23:45;228874
2018-03-27 07:31:34;228750
2018-03-26 06:47:30;228619
2018-03-25 05:54:12;228512
2018-03-24 05:57:21;228421
2018-03-23 07:27:54;228306
2018-03-22 07:01:34;228203
2018-03-21 07:09:17;228073
2018-03-20 07:08:49;227939
2018-03-19 07:15:21;227805
2018-03-18 07:05:27;227716
2018-03-17 06:54:39;227628
2018-03-15 06:57:46;227420
2018-03-14 07:27:25;227295
2018-03-13 06:42:22;227165
2018-03-12 06:50:49;227034
2018-03-11 06:35:00;226944
2018-03-10 06:03:50;226857
2018-03-09 07:18:07;226744
2018-03-08 10:53:36;226663
2018-03-07 07:39:46;226537
2018-03-06 07:32:29;226408
2018-03-05 07:00:31;226281
2018-03-04 06:45:55;226196
2018-03-03 06:00:30;226108
2018-03-02 07:11:58;225997
2018-03-01 08:59:34;225909
2018-02-28 07:12:18;225782
2018-02-27 07:06:31;225655
2018-02-26 07:21:10;225523
2018-02-25 09:56:11;225435
2018-02-24 06:00:38;225346
2018-02-23 06:59:03;225223
2018-02-22 06:44:14;225115
2018-02-21 06:55:23;224994
2018-02-20 06:57:13;224867
2018-02-19 10:12:10;224741
2018-02-18 07:24:08;224661
2018-02-17 06:30:26;224581
2018-02-16 07:23:38;224467
2018-02-15 09:36:39;224374
2018-02-14 07:05:05;224253
2018-02-13 12:23:50;224162
2018-02-12 06:53:23;224005
2018-02-11 05:45:45;223927
2018-02-10 05:51:15;223849
2018-02-09 10:14:35;223752
2018-02-08 09:53:02;223644
2018-02-07 08:44:59;223531
2018-02-06 07:17:12;223396
2018-02-05 07:19:20;223268
2018-02-04 10:55:03;223188
2018-02-03 07:19:23;223094
2018-02-02 08:25:12;222984
2018-02-01 06:40:18;222888
2018-01-31 06:48:39;222765
2018-01-30 06:26:28;222633
2018-01-29 07:10:11;222504
2018-01-28 08:43:03;222405
2018-01-27 06:22:34;222297
2018-01-26 07:29:29;222179
2018-01-25 14:02:17;222103
2018-01-24 07:24:06;221959
2018-01-23 07:06:59;221828
2018-01-22 06:51:37;221692
2018-01-21 06:30:45;221598
2018-01-20 05:54:43;221503
2018-01-19 07:16:13;221390
2018-01-18 07:12:49;221297
2018-01-17 07:10:12;221168
2018-01-16 07:13:24;221030
2018-01-15 06:59:55;220899
2018-01-14 07:10:37;220803
2018-01-13 05:36:28;220709
2018-01-12 07:01:38;220581
2018-01-11 07:02:42;220485
2018-01-10 07:11:32;220360
2018-01-09 07:05:59;220227
2018-01-08 07:08:48;220092
2018-01-07 06:25:53;219999
2018-01-06 10:26:03;219916
2018-01-05 07:19:29;219782
2018-01-04 09:14:04;219672
2018-01-03 07:21:52;219523
2018-01-02 07:06:11;219375
2017-12-31 10:06:30;219319
2017-12-30 05:59:49;219194
2017-12-29 07:07:57;219051
2017-12-28 07:02:11;218928
2017-12-27 07:26:17;218798
2017-12-26 10:34:45;218700
2017-12-23 06:30:33;218590
2017-12-22 06:48:55;218493
2017-12-21 06:02:14;218429
2017-12-20 06:43:45;218328
2017-12-19 07:00:01;218214
2017-12-18 07:50:16;218102
2017-12-17 06:36:35;218004
2017-12-16 06:46:02;217925
2017-12-15 07:14:06;217817
2017-12-14 13:57:02;217765
2017-12-13 07:25:59;217616
2017-12-12 07:19:30;217579
2017-12-11 06:50:12;217576
2017-12-10 07:20:03;217575
2017-12-09 06:03:47;217575
2017-12-08 07:13:22;217575
2017-12-07 07:10:49;217575
2017-12-06 10:44:30;217575
2017-12-05 07:06:27;217575
2017-12-04 09:54:37;217575
2017-12-03 07:24:54;217574
2017-12-02 06:13:21;217558
2017-12-01 06:59:13;217458
2017-11-30 07:00:42;217367
2017-11-29 06:49:55;217362
2017-11-28 06:57:44;217359
2017-11-27 07:06:01;217355
2017-11-26 06:15:12;217346
2017-11-25 06:20:49;217305
2017-11-24 07:20:19;217203
2017-11-23 09:19:20;217124
2017-11-22 07:33:16;217006
2017-11-21 07:10:07;216880
2017-11-20 06:51:57;216755
2017-11-19 07:00:54;216673
2017-11-18 05:59:12;216559
2017-11-17 07:06:49;216440
2017-11-16 07:20:06;216335
2017-11-15 07:07:29;216204
2017-11-14 07:11:32;216077
2017-11-13 09:59:13;215972
2017-11-12 10:49:19;215874
2017-11-11 06:38:52;215754
2017-11-10 07:08:18;215628
2017-11-09 07:36:18;215528
2017-11-08 06:45:30;215399
2017-11-07 07:00:04;215266
2017-11-06 07:41:48;215128
2017-11-05 06:14:55;215025
2017-11-04 11:15:34;214967
2017-11-03 07:15:22;214842
2017-11-02 11:52:12;214754
2017-11-01 07:00:07;214608
2017-10-31 07:26:05;214478
2017-10-30 06:48:30;214337
2017-10-29 06:44:25;214234
2017-10-28 05:51:16;214137
2017-10-27 07:07:29;214017
2017-10-26 07:10:51;213931
2017-10-25 08:31:33;213806
2017-10-24 07:08:20;213640
2017-10-23 14:44:04;213548
2017-10-22 06:04:15;213391
2017-10-21 06:36:06;213292
2017-10-20 06:52:38;213163
2017-10-19 05:57:27;213047
2017-10-18 06:50:49;212914
2017-10-17 06:52:50;212768
2017-10-16 07:18:40;212629
2017-10-15 09:58:08;212546
2017-10-14 06:04:38;212497
2017-10-13 07:16:23;212379
2017-10-12 08:49:14;212280
2017-10-11 07:26:44;212154
2017-10-10 09:29:29;212023
2017-10-09 06:47:40;211870
2017-10-08 08:30:36;211759
2017-10-07 06:19:52;211651
2017-10-06 07:12:30;211521
2017-10-05 07:42:33;211427
2017-10-04 07:05:35;211303
2017-10-03 07:05:18;211168
2017-10-02 07:15:51;211030
2017-10-01 10:06:09;210942
2017-09-30 06:01:32;210843
2017-09-29 07:24:01;210724
2017-09-28 07:13:48;210632
2017-09-27 06:43:46;210503
2017-09-26 06:29:42;210379
2017-09-25 07:15:29;210258
2017-09-24 08:44:43;210167
2017-09-23 06:03:24;210064
2017-09-22 07:18:47;209955
2017-09-21 09:07:21;209861
2017-09-20 07:33:39;209739
2017-09-19 08:15:46;209621
2017-09-18 06:45:07;209482
2017-09-17 06:55:48;209393
2017-09-16 05:56:10;209296
2017-09-15 07:06:49;209180
2017-09-14 07:14:01;209080
2017-09-13 07:09:23;208964
2017-09-12 07:04:07;208837
2017-09-11 07:30:55;208714
2017-09-10 06:17:31;208619
2017-09-09 06:11:51;208510
2017-09-08 06:59:03;208389
2017-09-07 07:16:07;208312
2017-09-06 06:58:15;208193
2017-09-05 06:37:33;208073
2017-09-04 07:07:14;207952
2017-09-03 06:31:44;207872
2017-09-02 06:08:41;207781
2017-09-01 06:58:51;207673
2017-08-31 07:28:41;207592
2017-08-30 07:48:58;207477
2017-08-29 07:25:46;207360
2017-08-28 06:49:30;207238
2017-08-27 06:01:52;207151
2017-08-26 06:08:44;207069
2017-08-25 07:04:39;206970
2017-08-24 07:13:56;206888
2017-08-23 07:24:49;206786
2017-08-22 05:48:22;206681
2017-08-21 09:29:20;206581
2017-08-17 07:07:09;206483
2017-08-16 06:57:44;206461
2017-08-15 07:14:39;206438
2017-08-14 07:18:04;206408
2017-08-11 07:18:50;206363
2017-08-10 07:25:20;206342
2017-08-09 07:03:36;206324
2017-08-08 07:07:35;206304
2017-08-07 07:12:22;206287
2017-08-03 07:04:11;206187
2017-08-01 07:14:43;206103
2017-07-31 07:48:41;206081
2017-07-28 07:57:41;206014
2017-07-27 09:30:53;205988
2017-07-26 10:51:43;205974
2017-07-24 09:37:44;205917
2017-07-21 07:47:07;204600
2017-07-20 08:42:23;204565
2017-07-19 07:58:45;204363
2017-07-18 07:02:34;204183
2017-07-17 10:59:23;204139
2017-07-14 06:42:31;204089
2017-07-12 07:29:10;204071
2017-07-11 07:31:54;204065
2017-07-10 08:29:45;204037
2017-07-07 07:01:33;203951
2017-07-06 07:04:41;203931
2017-07-05 07:43:56;203901
2017-07-04 08:06:39;203847
2017-07-03 07:55:26;203836
2017-06-30 09:49:51;203778
2017-06-29 09:48:43;203750
2017-06-28 13:38:49;203733
2017-06-27 12:24:16;203701
2017-06-22 07:04:33;203626
2017-06-21 07:17:06;203614
2017-06-20 07:14:36;203604
2017-06-19 07:10:33;203585
2017-06-16 07:32:10;203508
2017-06-15 07:30:20;203470
2017-06-14 07:03:26;203435
2017-06-13 07:49:13;203402
2017-06-12 07:28:12;203372
2017-06-09 07:07:40;203317
2017-06-08 07:16:04;203284
2017-06-07 07:16:33;203243
2017-06-06 07:02:44;203197
2017-06-05 07:07:29;203162
2017-06-02 06:55:38;203037
2017-06-01 07:19:44;202952
2017-05-31 08:13:58;202843
2017-05-30 07:09:17;202710
2017-05-29 07:01:30;202600
2017-05-28 06:03:02;202526
2017-05-27 06:25:46;202445
2017-05-26 06:45:19;202329
2017-05-25 09:04:35;202266
2017-05-24 06:36:16;202220
2017-05-23 07:06:07;202109
2017-05-22 07:08:59;201997
2017-05-21 06:19:26;201920
2017-05-20 06:10:41;201843
2017-05-19 07:15:19;201740
2017-05-18 13:11:58;201682
2017-05-17 07:14:42;201543
2017-05-16 07:01:09;201426
2017-05-15 07:36:53;201308
2017-05-14 06:27:43;201245
2017-05-13 05:56:10;201157
2017-05-12 07:08:43;201055
2017-05-11 07:15:56;200965
2017-05-10 07:13:05;200838
2017-05-09 07:10:27;200708
2017-05-08 07:09:35;200577
2017-05-07 12:21:16;200511
2017-05-06 06:25:29;200401
2017-05-05 06:44:58;200301
2017-05-04 06:38:51;200216
2017-05-03 06:44:20;200095
2017-05-02 06:54:36;199973
2017-04-30 06:14:41;199871
2017-04-29 06:53:31;199781
2017-04-28 07:05:32;199679
2017-04-26 07:32:59;199468
2017-04-25 06:49:18;199326
2017-04-24 07:26:22;199192
2017-04-23 06:05:32;199098
2017-04-22 06:49:17;198981
2017-04-21 07:11:38;198864
2017-04-20 13:27:05;198788
2017-04-19 07:10:58;198644
2017-04-18 07:06:56;198502
2017-04-17 09:04:50;198398
2017-04-16 12:14:14;198333
2017-04-15 10:16:09;198223
2017-04-14 11:21:41;198145
2017-04-13 15:21:09;198091
2017-04-11 07:28:56;197798
2017-04-10 07:03:01;197662
2017-04-09 11:59:25;197593
2017-04-08 06:26:25;197487
2017-04-07 07:18:59;197368
2017-04-06 09:05:59;197269
2017-04-05 07:18:35;197136
2017-04-04 07:17:37;196997
2017-04-03 06:11:40;196857
2017-03-31 07:33:28;196537
2017-03-30 10:20:23;196432
2017-03-29 06:56:08;196287
2017-03-28 06:59:42;196150
2017-03-27 07:22:32;196017
2017-03-25 06:06:57;195809
2017-03-24 06:54:49;195678
2017-03-23 07:09:32;195567
2017-03-22 06:50:36;195421
2017-03-21 06:46:46;195274
2017-03-20 07:05:50;195134
2017-03-19 06:50:49;195035
2017-03-18 06:05:54;194937
2017-03-17 07:11:05;194812
2017-03-16 10:27:38;194713
2017-03-15 07:13:52;194568
2017-03-14 09:35:44;194434
2017-03-13 06:47:15;194270
2017-03-12 06:52:26;194166
2017-03-11 05:52:40;194065
2017-03-10 07:46:04;193932
2017-03-09 10:34:28;193831
2017-03-08 07:16:58;193692
2017-03-07 07:05:48;193551
2017-03-06 07:19:13;193415
2017-03-05 06:09:00;193307
2017-03-04 06:20:54;193203
2017-03-03 06:48:53;193068
2017-03-02 07:26:41;192962
2017-03-01 06:45:04;192802
2017-02-28 06:38:58;192657
2017-02-27 07:36:38;192520
2017-02-26 06:20:57;192417
2017-02-25 06:05:35;192318
2017-02-24 07:06:03;192166
2017-02-22 07:01:41;191907
2017-02-21 06:58:12;191757
2017-02-20 06:45:15;191602
2017-02-19 06:17:36;191487
2017-02-18 05:59:27;191394
2017-02-17 07:15:06;191275
2017-02-16 07:43:22;191168
2017-02-15 07:04:26;191037
2017-02-14 07:04:37;190902
2017-02-13 07:18:37;190763
2017-02-12 08:26:25;190664
2017-02-11 06:17:59;190564
2017-02-10 06:47:21;190442
2017-02-09 07:40:49;190350
2017-02-08 06:41:48;190214
2017-02-07 06:47:37;190071
2017-02-06 07:04:13;189929
2017-02-05 06:21:17;189822
2017-02-04 06:05:59;189716
2017-02-03 07:13:17;189587
2017-02-02 06:58:42;189481
2017-02-01 07:08:12;189346
2017-01-31 07:00:32;189202
2017-01-30 06:42:28;189054
2017-01-29 06:48:31;188951
2017-01-28 05:52:20;188846
2017-01-27 07:03:36;188715
2017-01-26 08:16:28;188614
2017-01-25 07:09:42;188489
2017-01-24 06:56:34;188332
2017-01-23 07:02:32;188185
2017-01-22 06:58:46;188075
2017-01-21 06:21:45;187963
2017-01-20 06:48:44;187829
2017-01-18 06:49:00;187572
2017-01-17 06:44:36;187421
2017-01-16 06:57:51;187274
2017-01-15 06:17:25;187153
2017-01-14 06:04:22;187056
2017-01-13 07:19:46;186936
2017-01-12 09:17:23;186839
2017-01-11 07:23:26;186701
2017-01-10 07:12:53;186557
2017-01-08 06:02:56;186332
2017-01-07 06:02:14;186238
2017-01-06 09:32:13;186147
2017-01-05 09:32:46;186044
2017-01-04 06:56:26;185899
2017-01-03 07:00:15;185750
2017-01-02 06:55:53;185604
2016-12-31 06:20:00;185490
2016-12-30 07:30:11;185360
2016-12-29 07:00:50;185257
2016-12-28 07:45:37;185119
2016-12-27 11:29:06;185106
2016-12-26 11:18:59;185088
2016-12-23 17:11:53;185077
2016-12-22 18:59:28;185073
2016-12-21 08:13:32;185061
2016-12-20 07:24:52;185056
2016-12-19 07:28:18;185050
2016-12-18 08:21:20;185045
2016-12-17 10:09:06;185040
2016-12-16 10:28:43;185027
2016-12-14 15:10:19;185018
2016-12-13 15:35:44;185012
2016-12-12 16:53:08;185007
2016-12-09 07:10:32;184985
2016-12-08 11:42:37;184959
2016-12-07 08:54:26;184951
2016-12-06 10:03:11;184853
2016-12-05 12:54:06;184748
2016-12-04 06:19:05;184607
2016-12-03 06:41:49;184510
2016-12-02 10:01:22;184398
2016-12-01 09:28:25;184265
2016-11-30 07:23:22;184100
2016-11-29 09:28:31;183971
2016-11-28 07:01:37;183818
2016-11-27 05:59:36;183716
2016-11-26 09:32:26;183632
2016-11-25 07:03:36;183484
2016-11-24 08:36:19;183369
2016-11-23 07:17:43;183232
2016-11-22 07:15:15;183081
2016-11-21 07:05:47;182937
2016-11-20 13:53:09;182880
2016-11-19 06:29:22;182726
2016-11-18 06:42:35;182586
2016-11-17 07:20:25;182478
2016-11-16 06:32:03;182337
2016-11-15 06:43:32;182187
2016-11-14 06:53:12;182050
2016-11-13 06:32:22;181971
2016-11-12 06:08:09;181874
2016-11-11 07:10:03;181753
2016-11-10 07:26:27;181632
2016-11-09 07:00:10;181498
2016-11-08 06:56:48;181355
2016-11-07 06:47:57;181221
2016-11-06 06:00:59;181134
2016-11-05 06:09:59;181045
2016-11-04 07:24:56;180911
2016-11-03 14:06:54;180801
2016-11-02 07:11:23;180667
2016-11-01 06:59:19;180516
2016-10-31 07:00:20;180372
2016-10-30 07:56:20;180269
2016-10-29 06:24:17;180172
2016-10-28 06:52:39;180016
2016-10-27 07:21:03;179884
2016-10-26 06:39:26;179728
2016-10-25 06:40:08;179554
2016-10-24 07:12:03;179398
2016-10-22 05:53:53;179192
2016-10-21 07:24:06;179065
2016-10-20 07:12:09;178950
2016-10-19 07:06:19;178812
2016-10-18 07:01:05;178662
2016-10-17 06:39:57;178507
2016-10-16 07:20:17;178399
2016-10-15 05:50:04;178295
2016-10-14 07:08:39;178175
2016-10-13 06:56:30;178071
2016-10-12 07:06:17;177935
2016-10-11 07:05:53;177792
2016-10-10 07:27:10;177655
2016-10-09 05:58:43;177551
2016-10-08 05:57:08;177435
2016-10-07 06:48:41;177310
2016-10-06 06:58:07;177206
2016-10-05 06:39:04;177073
2016-10-04 06:37:06;176938
2016-10-03 07:29:35;176806
2016-10-02 10:04:11;176708
2016-10-01 06:05:25;176594
2016-09-30 07:17:39;176464
2016-09-29 08:31:50;176360
2016-09-28 07:15:41;176223
2016-09-27 07:27:29;176091
2016-09-26 06:45:10;175935
2016-09-25 07:18:43;175841
2016-09-24 05:57:05;175744
2016-09-23 07:01:22;175625
2016-09-22 09:59:09;175532
2016-09-21 07:03:12;175398
2016-09-20 07:13:12;175257
2016-09-19 07:02:18;175116
2016-09-18 11:53:41;175031
2016-09-17 05:57:49;174910
2016-09-16 06:53:24;174784
2016-09-15 07:50:19;174679
2016-09-14 06:43:43;174554
2016-09-13 06:49:56;174430
2016-09-12 07:03:01;174303
2016-09-11 06:12:38;174207
2016-09-10 06:42:31;174109
2016-09-09 07:24:06;174003
2016-09-08 13:40:39;173931
2016-09-07 07:17:01;173787
2016-09-06 09:26:36;173672
2016-09-05 06:49:36;173528
2016-09-04 06:56:48;173431
2016-09-03 05:53:19;173326
2016-09-02 07:13:07;173212
2016-09-01 07:46:16;173118
2016-08-31 07:23:24;173000
2016-08-30 07:23:34;172890
2016-08-29 07:20:24;172776
2016-08-28 09:29:14;172704
2016-08-27 10:55:28;172642
2016-08-26 06:44:31;172524
2016-08-25 08:03:45;172436
2016-08-24 06:45:19;172330
2016-08-22 08:50:55;172105
2016-08-19 07:16:58;172058
2016-08-18 08:06:16;172051
2016-08-17 07:49:18;172028
2016-08-16 07:24:00;172003
2016-08-15 08:17:19;171987
2016-08-12 07:51:27;171961
2016-08-11 07:20:02;171948
2016-08-10 07:30:55;171937
2016-08-09 07:22:37;171863
2016-08-08 07:18:08;171391
2016-08-05 07:47:57;170550
2016-08-04 07:29:50;170155
2016-08-03 07:26:39;170129
2016-08-02 07:35:12;170112
2016-08-01 10:43:14;170061
2016-07-29 07:21:25;169935
2016-07-28 07:19:06;169923
2016-07-27 07:51:39;169881
2016-07-26 07:26:27;169869
2016-07-25 13:10:37;169862
2016-07-22 09:56:35;169818
2016-07-21 08:21:32;169800
2016-07-20 08:18:55;169741
2016-07-18 07:36:13;169538
2016-07-07 07:32:34;169397
2016-07-06 07:39:09;169313
2016-07-04 07:01:35;169270
2016-07-01 07:31:37;169241
2016-06-30 10:03:26;169220
2016-06-28 12:06:10;169178
2016-06-23 06:55:34;169106
2016-06-22 06:58:59;169092
2016-06-21 07:29:15;169074
2016-06-20 06:53:20;169052
2016-06-17 06:55:46;169006
2016-06-16 06:59:41;168985
2016-06-15 08:03:11;168956
2016-06-14 07:00:48;168934
2016-06-13 07:31:55;168912
2016-06-10 07:49:15;168864
2016-06-08 07:28:26;168804
2016-06-07 07:00:35;168773
2016-06-06 06:59:12;168738
2016-06-03 07:21:37;168706
2016-06-02 07:04:07;168691
2016-06-01 07:24:17;168678
2016-05-30 07:41:26;168648
2016-05-29 07:04:18;168564
2016-05-28 06:06:47;168489
2016-05-27 08:55:35;168419
2016-05-26 08:58:12;168333
2016-05-25 08:56:43;168243
2016-05-24 11:23:20;168154
2016-05-23 06:52:35;168027
2016-05-22 07:41:10;167958
2016-05-21 06:06:00;167892
2016-05-20 07:12:05;167792
2016-05-19 10:21:30;167720
2016-05-18 07:27:31;167601
2016-05-17 07:33:46;167491
2016-05-16 07:48:37;167395
2016-05-15 12:49:52;167318
2016-05-14 07:19:29;167206
2016-05-13 06:43:07;167115
2016-05-12 06:59:34;167029
2016-05-11 07:33:59;166927
2016-05-10 08:51:48;166823
2016-05-09 07:11:05;166716
2016-05-08 08:54:51;166670
2016-05-07 06:59:48;166604
2016-05-06 07:17:08;166502
2016-05-05 11:50:01;166465
2016-05-04 07:22:53;166350
2016-05-03 09:25:01;166245
2016-05-02 14:52:42;166183
2016-04-30 06:12:30;166051
2016-04-29 08:16:12;165974
2016-04-28 08:41:44;165892
2016-04-27 07:27:11;165793
2016-04-26 06:52:31;165662
2016-04-25 14:01:16;165584
2016-04-24 12:35:53;165479
2016-04-23 06:31:14;165374
2016-04-22 07:11:44;165267
2016-04-21 10:30:10;165180
2016-04-20 07:32:32;165054
2016-04-19 06:52:18;164913
2016-04-18 07:05:58;164787
2016-04-17 09:46:22;164700
2016-04-16 06:21:52;164612
2016-04-15 07:18:33;164504
2016-04-14 13:58:49;164438
2016-04-13 07:26:46;164296
2016-04-12 09:32:43;164182
2016-04-11 06:55:55;164049
2016-04-10 06:06:30;163961
2016-04-09 06:03:56;163862
2016-04-08 07:06:43;163748
2016-04-07 07:33:57;163657
2016-04-06 07:06:09;163531
2016-04-05 07:11:06;163401
2016-04-04 07:43:55;163279
2016-04-03 12:34:13;163214
2016-04-02 08:32:56;163108
2016-04-01 09:03:48;162990
2016-03-31 08:40:29;162878
2016-03-30 07:32:22;162750
2016-03-29 07:39:28;162613
2016-03-28 11:03:26;162527
2016-03-27 10:43:06;162441
2016-03-26 10:49:09;162363
2016-03-25 10:30:22;162287
2016-03-24 10:45:07;162199
2016-03-23 07:35:45;162070
2016-03-22 07:33:33;161941
2016-03-21 07:28:27;161800
2016-03-19 06:25:39;161593
2016-03-18 07:05:05;161468
2016-03-17 10:15:06;161372
2016-03-16 07:02:45;161242
2016-03-15 07:04:06;161109
2016-03-14 15:39:39;161032
2016-03-13 11:59:32;160897
2016-03-12 06:46:09;160753
2016-03-11 10:34:53;160650
2016-03-10 06:57:31;160527
2016-03-09 09:43:57;160406
2016-03-08 07:04:22;160249
2016-03-07 07:04:34;160106
2016-03-06 06:42:51;160006
2016-03-05 05:58:42;159907
2016-03-04 07:21:16;159771
2016-03-03 09:54:23;159670
2016-03-02 07:18:14;159522
2016-03-01 09:35:42;159392
2016-02-29 07:40:57;159238
2016-02-28 08:35:46;159115
2016-02-27 10:53:39;159048
2016-02-26 07:06:38;158850
2016-02-25 07:51:14;158737
2016-02-24 07:07:05;158571
2016-02-23 14:49:07;158482
2016-02-22 10:41:12;158271
2016-02-20 06:03:25;157977
2016-02-19 09:39:37;157893
2016-02-18 10:18:27;157768
2016-02-17 07:43:54;157630
2016-02-16 07:13:22;157495
2016-02-15 09:22:38;157401
2016-02-14 12:38:24;157321
2016-02-13 09:39:54;157174
2016-02-12 07:48:34;157053
2016-02-11 08:55:16;156926
2016-02-10 07:21:45;156782
2016-02-09 07:18:53;156662
2016-02-08 07:23:52;156541
2016-02-07 09:53:12;156438
2016-02-06 06:29:53;156328
2016-02-05 12:53:02;156261
2016-02-04 09:13:50;156115
2016-02-03 10:10:53;156019
2016-02-02 06:57:18;155869
2016-02-01 07:23:04;155732
2016-01-31 10:04:19;155632
2016-01-30 05:56:01;155520
2016-01-29 07:22:03;155404
2016-01-28 09:39:09;155303
2016-01-27 07:39:50;155176
2016-01-26 09:48:54;155053
2016-01-25 07:04:19;154904
2016-01-24 08:02:07;154814
2016-01-23 06:05:25;154722
2016-01-22 07:02:32;154606
2016-01-21 08:39:47;154515
2016-01-20 07:20:17;154392
2016-01-19 06:55:21;154263
2016-01-18 07:20:50;154135
2016-01-17 09:34:33;154042
2016-01-16 06:30:16;153941
2016-01-15 07:09:14;153831
2016-01-14 07:13:38;153732
2016-01-13 07:07:02;153623
2016-01-12 07:08:59;153501
2016-01-11 07:04:40;153374
2016-01-10 10:59:25;153350
2016-01-09 06:02:56;153263
2016-01-08 07:21:26;153155
2016-01-07 10:20:14;153075
2016-01-06 11:06:31;153009
2016-01-05 08:50:07;152885
2016-01-04 07:13:56;152741
2016-01-03 06:23:20;152629
2016-01-02 06:33:56;152497
2015-12-31 08:26:03;152421
2015-12-29 12:15:34;152172
2015-12-28 09:56:23;152019
2015-12-27 06:07:25;151938
2015-12-26 09:59:03;151864
2015-12-23 07:19:17;151788
2015-12-22 07:11:01;151692
2015-12-21 10:52:42;151608
2015-12-20 09:22:36;151504
2015-12-19 13:53:23;151461
2015-12-18 08:29:31;151313
2015-12-17 09:54:57;151233
2015-12-16 07:43:45;151111
2015-12-15 08:33:30;150992
2015-12-14 06:56:11;150867
2015-12-13 08:22:42;150774
2015-12-12 06:02:53;150672
2015-12-11 07:17:53;150556
2015-12-10 10:43:16;150471
2015-12-09 07:01:38;150326
2015-12-08 07:00:24;150192
2015-12-07 07:36:20;150062
2015-12-06 12:15:42;149992
2015-12-05 10:05:19;149892
2015-12-04 07:05:37;149752
2015-12-03 10:22:59;149667
2015-12-02 07:09:00;149529
2015-12-01 07:06:09;149394
2015-11-30 07:05:01;149252
2015-11-29 08:18:37;149160
2015-11-28 06:03:26;149062
2015-11-27 07:45:07;148941
2015-11-26 10:07:49;148839
2015-11-25 07:35:57;148710
2015-11-24 08:51:55;148583
2015-11-23 07:10:38;148444
2015-11-22 06:14:43;148337
2015-11-21 06:05:12;148241
2015-11-20 06:59:38;148116
2015-11-19 09:13:38;148022
2015-11-18 07:40:41;147890
2015-11-17 06:55:50;147745
2015-11-16 07:34:20;147606
2015-11-15 06:04:37;147504
2015-11-14 06:35:47;147402
2015-11-13 07:05:58;147269
2015-11-12 07:50:44;147177
2015-11-11 07:04:19;147032
2015-11-10 07:07:39;146887
2015-11-09 07:07:04;146743
2015-11-08 07:26:15;146659
2015-11-07 05:59:58;146554
2015-11-06 07:29:09;146434
2015-11-05 08:47:59;146331
2015-11-04 07:39:59;146198
2015-11-03 07:28:42;146055
2015-11-02 07:09:18;145917
2015-11-01 09:46:02;145831
2015-10-31 09:37:10;145775
2015-10-30 07:00:17;145658
2015-10-29 08:08:13;145553
2015-10-28 07:05:56;145423
2015-10-27 06:59:19;145290
2015-10-26 06:30:19;145151
2015-10-24 06:22:10;144934
2015-10-23 07:06:11;144783
2015-10-22 09:44:17;144666
2015-10-21 07:02:03;144506
2015-10-20 07:04:37;144353
2015-10-18 08:13:18;144116
2015-10-17 06:02:51;144011
2015-10-16 06:29:44;143876
2015-10-15 07:40:32;143776
2015-10-14 06:33:13;143642
2015-10-13 06:37:13;143498
2015-10-12 07:32:10;143357
2015-10-11 06:55:16;143235
2015-10-10 06:04:12;143137
2015-10-09 07:21:43;143026
2015-10-08 07:21:11;142931
2015-10-07 07:26:16;142810
2015-10-06 07:09:09;142679
2015-10-05 06:34:09;142546
2015-10-04 07:04:18;142452
2015-10-03 05:35:24;142348
2015-10-02 07:05:17;142233
2015-10-01 08:09:48;142145
2015-09-30 07:07:39;142019
2015-09-29 07:04:07;141892
2015-09-28 07:04:53;141758
2015-09-27 09:50:17;141662
2015-09-26 06:00:50;141563
2015-09-25 06:35:25;141442
2015-09-24 08:39:00;141352
2015-09-23 06:24:40;141215
2015-09-22 06:47:18;141077
2015-09-21 07:10:55;140950
2015-09-20 08:07:36;140854
2015-09-19 06:08:19;140748
2015-09-18 07:00:06;140637
2015-09-17 07:06:42;140546
2015-09-16 06:58:42;140419
2015-09-15 07:22:24;140299
2015-09-14 06:23:16;140169
2015-09-13 05:54:08;140082
2015-09-12 05:53:24;139992
2015-09-11 07:05:59;139876
2015-09-10 07:19:22;139775
2015-09-09 07:09:03;139656
2015-09-08 07:00:18;139528
2015-09-06 10:12:01;139314
2015-09-05 06:01:17;139211
2015-09-04 06:37:30;139099
2015-09-03 07:01:10;139010
2015-09-02 06:42:30;138893
2015-09-01 06:30:05;138775
2015-08-31 07:08:01;138663
2015-08-30 06:24:46;138576
2015-08-29 06:13:01;138497
2015-08-28 07:03:51;138394
2015-08-27 07:05:40;138301
2015-08-26 07:03:36;138190
2015-08-25 09:17:10;138100
2015-08-24 06:41:36;137978
2015-08-23 06:12:40;137917
2015-08-22 05:56:21;137844
2015-08-21 07:08:53;137756
2015-08-20 10:00:32;137687
2015-08-19 07:00:34;137583
2015-08-18 07:09:44;137464
2015-08-17 07:05:53;137362
2015-08-14 07:25:55;137323
2015-08-13 07:04:30;137305
2015-08-12 07:18:52;137298
2015-08-11 07:08:54;137281
2015-08-10 07:34:53;137264
2015-08-07 07:12:26;137230
2015-08-06 06:44:15;137220
2015-08-05 06:47:27;137207
2015-08-04 06:46:21;137189
2015-08-03 07:10:46;137179
2015-07-31 06:50:16;137162
2015-07-30 06:51:01;137144
2015-07-29 06:54:25;137133
2015-07-28 07:09:29;137122
2015-07-27 06:52:20;137106
2015-07-24 06:41:37;137066
2015-07-23 06:40:25;137042
2015-07-22 06:48:11;137017
2015-07-21 06:34:40;136995
2015-07-20 07:10:28;136973
2015-07-17 07:47:04;136943
2015-07-16 06:59:46;136931
2015-07-15 07:30:44;136914
2015-07-14 07:22:34;136896
2015-07-13 07:37:32;136754
2015-07-10 06:59:21;136637
2015-07-09 07:27:10;136622
2015-07-08 06:57:59;136529
2015-07-07 06:58:51;136336
2015-07-06 06:53:58;136298
2015-07-03 06:54:52;136286
2015-07-02 06:51:05;136282
2015-07-01 06:35:55;136276
2015-06-30 06:50:33;136264
2015-06-29 06:56:23;136247
2015-06-28 07:02:45;136178
2015-06-27 06:34:08;136118
2015-06-26 06:46:28;136088
2015-06-25 07:03:55;136080
2015-06-24 07:25:09;136074
2015-06-23 07:47:40;136066
2015-06-22 06:31:04;136058
2015-06-18 06:50:46;136022
2015-06-17 06:44:24;136012
2015-06-16 06:54:31;136003
2015-06-15 06:37:32;135992
2015-06-12 06:34:01;135944
2015-06-11 06:19:15;135905
2015-06-10 06:34:41;135874
2015-06-09 07:08:06;135842
2015-06-08 06:29:54;135809
2015-06-05 06:35:32;135759
2015-06-04 06:48:00;135724
2015-06-03 06:39:32;135694
2015-06-02 06:48:24;135657
2015-06-01 06:44:52;135619
2015-05-29 10:09:10;135578
2015-05-28 06:57:10;135528
2015-05-27 07:09:51;135514
2015-05-26 06:56:09;135485
2015-05-25 07:07:48;135476
2015-05-24 14:25:30;135414
2015-05-22 06:36:01;135176
2015-05-21 07:52:46;135099
2015-05-20 06:40:15;134989
2015-05-19 06:37:33;134865
2015-05-18 07:14:33;134748
2015-05-17 06:32:04;134648
2015-05-16 06:02:29;134559
2015-05-15 07:28:07;134435
2015-05-14 10:21:47;134381
2015-05-13 07:15:56;134259
2015-05-12 06:44:20;134134
2015-05-11 06:38:15;134012
2015-05-10 06:32:03;133939
2015-05-09 05:58:51;133845
2015-05-08 07:27:47;133737
2015-05-07 09:50:35;133654
2015-05-06 07:05:28;133531
2015-05-05 07:05:43;133405
2015-05-04 07:25:19;133281
2015-05-03 07:14:21;133198
2015-05-02 06:55:39;133117
2015-04-30 06:45:03;133028
2015-04-29 07:33:17;132901
2015-04-28 06:31:28;132766
2015-04-27 07:08:18;132626
2015-04-26 06:34:50;132527
2015-04-25 07:30:49;132442
2015-04-24 07:09:17;132333
2015-04-22 07:32:12;132125
2015-04-21 10:10:34;132008
2015-04-20 06:28:23;131863
2015-04-19 06:56:16;131773
2015-04-18 05:54:23;131682
2015-04-17 06:52:37;131560
2015-04-16 08:01:42;131464
2015-04-15 07:09:59;131332
2015-04-14 08:46:21;131201
2015-04-13 07:02:44;131049
2015-04-12 08:00:43;130965
2015-04-11 05:53:53;130849
2015-04-09 08:35:12;130631
2015-04-07 09:45:21;130371
2015-04-06 09:40:20;130237
2015-04-05 09:46:52;130149
2015-04-04 08:35:15;130053
2015-04-03 10:00:34;129961
2015-04-01 06:42:14;129752
2015-03-31 07:19:14;129624
2015-03-30 06:42:23;129485
2015-03-29 07:31:11;129389
2015-03-28 05:57:37;129278
2015-03-27 07:05:01;129151
2015-03-26 06:55:43;129051
2015-03-25 07:05:35;128921
2015-03-24 07:04:49;128781
2015-03-23 07:02:51;128642
2015-03-22 13:09:46;128578
2015-03-21 06:01:57;128427
2015-03-20 06:52:57;128302
2015-03-19 08:25:07;128209
2015-03-18 06:32:08;128076
2015-03-17 06:36:49;127935
2015-03-16 08:53:50;127821
2015-03-13 07:38:13;127502
2015-03-12 10:25:17;127403
2015-03-11 07:00:17;127268
2015-03-10 07:05:21;127123
2015-03-09 06:42:13;126987
2015-03-06 09:37:05;126638
2015-03-05 12:46:56;126537
2015-03-04 07:07:57;126361
2015-03-03 07:36:54;126223
2015-03-02 07:02:44;126073
2015-03-01 08:14:08;125967
2015-02-28 06:08:16;125856
2015-02-27 06:45:59;125717
2015-02-26 06:48:43;125614
2015-02-25 06:35:57;125469
2015-02-24 06:37:53;125320
2015-02-23 07:31:26;125173
2015-02-22 06:34:23;125051
2015-02-21 06:14:01;124932
2015-02-20 07:18:31;124762
2015-02-19 07:09:07;124639
2015-02-18 07:07:06;124481
2015-02-17 05:54:14;124318
2015-02-16 06:48:29;124159
2015-02-15 06:06:12;124070
2015-02-14 05:46:54;123973
2015-02-13 07:01:07;123847
2015-02-12 09:10:30;123751
2015-02-11 07:05:47;123613
2015-02-10 07:10:55;123468
2015-02-09 07:07:07;123330
2015-02-08 07:15:08;123226
2015-02-07 05:58:20;123131
2015-02-06 06:52:47;123005
2015-02-05 12:25:20;122920
2015-02-04 07:00:45;122762
2015-02-03 06:34:59;122619
2015-02-02 07:27:42;122486
2015-02-01 08:13:02;122393
2015-01-31 06:06:06;122288
2015-01-30 06:55:43;122162
2015-01-29 06:53:30;122054
2015-01-28 06:54:31;121915
2015-01-27 06:59:42;121772
2015-01-26 06:39:54;121624
2015-01-25 06:56:25;121525
2015-01-24 06:06:21;121422
2015-01-23 07:09:17;121295
2015-01-22 07:06:34;121193
2015-01-21 07:12:08;121057
2015-01-20 07:03:07;120915
2015-01-19 07:01:56;120774
2015-01-18 07:39:41;120671
2015-01-17 05:58:50;120527
2015-01-16 06:39:51;120391
2015-01-15 07:31:29;120277
2015-01-14 06:37:12;120147
2015-01-13 07:00:17;120024
2015-01-12 07:12:43;119888
2015-01-11 08:06:03;119789
2015-01-10 06:13:24;119669
2015-01-09 07:03:43;119552
2015-01-08 10:00:14;119455
2015-01-07 06:47:13;119331
2015-01-06 10:14:46;119225
2015-01-05 06:31:31;119068
2015-01-04 07:21:04;118964
2015-01-03 06:00:38;118840
2015-01-02 07:02:50;118671
2014-12-31 07:10:31;118564
2014-12-30 09:45:43;118437
2014-12-29 07:15:52;118292
2014-12-28 06:17:08;118185
2014-12-27 06:06:07;118064
2014-12-26 10:44:11;117972
2014-12-23 06:11:35;117864
2014-12-22 07:11:54;117757
2014-12-21 06:52:50;117677
2014-12-20 06:07:03;117599
2014-12-19 06:58:02;117490
2014-12-18 07:02:10;117400
2014-12-17 07:20:03;117291
2014-12-16 06:40:47;117168
2014-12-15 06:33:29;117034
2014-12-12 07:08:44;116749
2014-12-11 06:52:53;116635
2014-12-10 07:18:10;116509
2014-12-09 07:08:52;116363
2014-12-08 07:01:13;116243
2014-12-07 06:10:22;116153
2014-12-06 09:00:15;116096
2014-12-05 06:41:14;115983
2014-12-04 06:27:13;115901
2014-12-03 07:00:33;115778
2014-12-02 06:31:36;115643
2014-12-01 07:09:41;115510
2014-11-30 06:21:08;115421
2014-11-29 05:52:25;115322
2014-11-28 06:42:46;115187
2014-11-27 08:59:13;115098
2014-11-26 07:07:15;114967
2014-11-25 07:00:45;114828.
2014-11-24 06:23:34;114684
2014-11-23 12:57:11;114618
2014-11-21 06:36:32;114370
2014-11-20 07:26:31;114256
2014-11-19 07:03:40;114116
2014-11-18 07:06:03;113976
2014-11-17 07:03:57;113839
2014-11-16 08:28:36;113742
2014-11-15 05:57:01;113608
2014-11-14 06:33:50;113492
2014-11-13 07:05:07;113390
2014-11-12 06:51:53;113244
2014-11-11 06:27:59;113102
2014-11-10 07:15:46;112970
2014-11-09 06:20:41;112864
2014-11-08 06:19:37;112760
2014-11-07 07:04:12;112643
2014-11-06 07:01:30;112552
2014-11-05 06:52:47;112417
2014-11-04 07:21:45;112280
2014-11-03 07:02:13;112144
2014-11-02 09:47:47;112053
2014-11-01 05:53:30;111981
2014-10-31 07:00:24;111864
2014-10-30 10:11:34;111761
2014-10-29 07:04:54;111623
2014-10-27 07:32:20;111352
2014-10-26 06:06:32;111236
2014-10-25 06:11:35;111108
2014-10-24 06:45:35;110959
2014-10-23 08:25:34;110850
2014-10-22 07:11:43;110700
2014-10-21 06:35:34;110558
2014-10-20 07:06:20;110412
2014-10-19 06:19:31;110278
2014-10-18 06:19:05;110178
2014-10-17 07:38:44;110050
2014-10-15 07:05:57;109761
2014-10-14 06:51:40;109621
2014-10-13 06:52:42;109479
2014-10-12 06:49:33;109375
2014-10-11 05:56:39;109258
2014-10-10 08:34:02;109136
2014-10-09 10:23:01;109029
2014-10-08 07:37:32;108892
2014-10-07 07:18:24;108760
2014-10-06 07:20:21;108627
2014-10-05 07:58:36;108529
2014-10-04 06:11:23;108448
2014-10-03 07:05:54;108382
2014-10-02 09:48:06;108290
2014-10-01 06:42:50;108159
2014-09-30 06:40:10;108027
2014-09-29 06:57:16;107902
2014-09-28 06:26:13;107808
2014-09-27 06:19:10;107712
2014-09-26 06:46:53;107595
2014-09-25 06:58:50;107472
2014-09-24 07:03:00;107352
2014-09-23 06:52:25;107218
2014-09-22 06:51:32;107103
2014-09-21 09:39:22;107014
2014-09-20 06:05:53;106907
2014-09-19 07:37:11;106795
2014-09-18 08:29:07;106697
2014-09-17 07:04:37;106572
2014-09-16 07:11:58;106439
2014-09-15 06:56:45;106308
2014-09-14 09:57:31;106204
2014-09-13 05:59:07;106096
2014-09-12 06:49:46;105983
2014-09-11 08:45:35;105890
2014-09-10 06:46:20;105768
2014-09-09 06:23:33;105633
2014-09-08 07:07:39;105509
2014-09-07 06:48:47;105401
2014-09-06 06:25:30;105300
2014-09-05 06:56:36;105190
2014-09-04 07:06:47;105098
2014-09-03 07:01:18;104978
2014-09-02 06:54:02;104854
2014-09-01 07:06:50;104730
2014-08-31 09:14:54;104644
2014-08-30 05:54:58;104529
2014-08-29 07:17:31;104421
2014-08-28 08:52:56;104325
2014-08-27 07:06:56;104200
2014-08-26 07:05:36;104067
2014-08-25 14:45:38;103993
2014-08-25 07:57:54;103946
2014-08-22 06:49:00;103599
2014-08-21 08:55:55;103512
2014-08-20 06:47:42;103390
2014-08-19 06:37:22;103261
2014-08-18 15:01:41;103202
2014-08-18 07:53:35;103167
2014-08-15 08:01:44;103121
2014-08-14 07:05:51;103106
2014-08-13 07:19:41;103097
2014-08-12 07:16:25;103085
2014-08-11 07:11:51;103074
2014-08-08 07:11:06;103014
2014-08-07 07:13:55;103001
2014-08-06 07:04:53;102978
2014-08-05 07:11:15;102967
2014-08-04 07:12:51;102955
2014-08-01 06:53:52;102922
2014-07-31 11:02:17;102915
2014-07-30 06:53:31;102877
2014-07-29 07:21:55;102865
2014-07-28 07:55:50;102853
2014-07-25 06:49:32;102821
2014-07-24 06:57:11;102810
2014-07-23 06:57:23;102797
2014-07-22 06:57:48;102786
2014-07-21 07:06:51;102774
2014-07-16 09:04:05;102721
2014-07-11 06:55:16;102672
2014-07-10 07:05:51;102660
2014-07-09 10:09:21;102649
2014-07-08 06:54:42;102634
2014-07-07 07:05:36;102622
2014-07-04 07:24:52;102601
2014-07-03 07:18:27;102592
2014-07-02 08:45:51;102588
2014-07-01 07:45:28;102578
2014-06-30 07:55:12;102568
2014-06-27 07:38:29;102423
2014-06-26 07:09:04;102313
2014-06-25 07:05:18;102309
2014-06-24 09:33:42;102305
2014-06-23 07:06:51;102300
2014-06-19 07:26:28;102260
2014-06-18 08:02:21;102228
2014-06-17 07:19:40;102197
2014-06-16 07:05:18;102181
2014-06-13 07:16:23;102107
2014-06-12 07:23:28;102078
2014-06-11 07:24:03;102043
2014-06-10 07:17:42;102015
2014-06-09 12:05:33;101985
2014-06-09 07:00:00;101974
2014-06-06 07:00:00;101921
2014-06-05 07:00:00;101888
2014-06-04 07:00:00;101858
2014-06-03 07:00:00;101824
2014-06-02 07:00:00;101788
2014-05-30 07:00:00;101745
2014-05-28 07:00:00;101683
2014-05-27 07:00:00;101627
2014-05-26 07:00:00;101578
2014-05-25 07:00:00;101485
2014-05-24 07:00:00;101400
2014-05-23 07:00:00;101298
2014-05-22 07:00:00;101214
2014-05-21 07:00:00;101105
2014-05-20 07:00:00;100996
2014-05-19 07:00:00;100887
2014-05-18 07:00:00;100815
2014-05-17 07:00:00;100736
2014-05-16 07:00:00;100636
2014-05-15 07:00:00;100551
2014-05-14 07:00:00;100435
2014-05-13 07:00:00;100311
2014-05-12 07:00:00;100190
2014-05-11 07:00:00;100122
2014-05-10 07:00:00;100027
2014-05-09 07:00:00;99918
2014-05-08 07:00:00;99830
2014-05-07 07:00:00;99711
2014-05-06 11:06:17;99622
2014-05-06 07:00:00;99588
2014-05-05 10:59:29;99500
2014-05-05 07:00:00;99470
2014-05-04 12:00:00;99361
2014-05-03 12:00:00;99267
2014-05-02 12:00:00;99145
2014-04-30 12:00:00;99054
2014-04-29 12:00:00;98937
2014-04-28 12:00:00;98816
2014-04-27 12:00:00;98740
2014-04-26 12:00:00;98661
2014-04-25 12:00:00;98538
2014-04-24 12:00:00;98427
2014-04-23 12:00:00;98307
2014-04-22 12:00:00;98181
2014-04-21 12:00:00;98092
2014-04-20 12:00:00;98003
2014-04-19 12:00:00;97921
2014-04-18 12:00:00;97843
2014-04-17 12:00:00;97758
2014-04-16 12:00:00;97640
2014-04-15 12:00:00;97505
2014-04-14 12:00:00;97373
2014-04-13 12:00:00;97280
2014-04-12 12:00:00;97188
2014-04-11 12:00:00;97064
2014-04-10 12:00:00;96966
2014-04-09 12:00:00;96837
2014-04-08 12:00:00;96697
2014-04-07 12:00:00;96559
2014-04-06 12:00:00;96465
2014-04-05 12:00:00;96376
2014-04-04 12:00:00;96262
2014-04-03 12:00:00;96147
2014-04-02 12:00:00;96017
2014-04-01 12:00:00;95877
2014-03-31 12:00:00;95744
2014-03-30 12:00:00;95650
2014-03-29 12:00:00;95558
2014-03-28 12:00:00;95442
2014-03-27 12:00:00;95348
2014-03-26 12:00:00;95224
2014-03-25 12:00:00;95092
2014-03-24 12:00:00;94959
2014-03-23 12:00:00;94840
2014-03-22 12:00:00;94739
2014-03-21 12:00:00;94614
2014-03-20 12:00:00;94521
2014-03-19 12:00:00;94372
2014-03-18 12:00:00;94233
2014-03-17 12:00:00;94097
2014-03-16 12:00:00;93995
2014-03-15 12:00:00;93892
2014-03-14 12:00:00;93770
2014-03-13 12:00:00;93675
2014-03-12 12:00:00;93550
2014-03-11 12:00:00;93415
2014-03-10 12:00:00;93273
2014-03-09 12:00:00;93169
2014-03-08 12:00:00;93060
2014-03-07 12:00:00;92940
2014-03-06 12:00:00;92839
2014-03-05 12:00:00;92702
2014-03-04 12:00:00;92560
2014-03-03 12:00:00;92423
2014-03-02 12:00:00;92305
2014-03-01 12:00:00;92196
2014-02-28 12:00:00;92073
2014-02-27 12:00:00;91966
2014-02-26 12:00:00;91824
2014-02-25 12:00:00;91674
2014-02-24 12:00:00;91529
2014-02-23 12:00:00;91436
2014-02-22 12:00:00;91309
2014-02-21 12:00:00;91170
2014-02-20 12:00:00;91028
2014-02-19 12:00:00;90870
2014-02-18 12:00:00;90713
2014-02-17 12:00:00;90552
2014-02-16 12:00:00;90462
2014-02-15 12:00:00;90339
2014-02-14 12:00:00;90228
2014-02-13 12:00:00;90135
2014-02-12 12:00:00;90004
2014-02-11 12:00:00;89861
2014-02-10 12:00:00;89722
2014-02-09 12:00:00;89614
2014-02-08 12:00:00;89507
2014-02-07 12:00:00;89378
2014-02-06 12:00:00;89286
2014-02-05 12:00:00;89158
2014-02-04 12:00:00;89026
2014-02-03 12:00:00;88868
2014-02-02 12:00:00;88773
2014-02-01 12:00:00;88681
2014-01-31 12:00:00;88568
2014-01-30 12:00:00;88459
2014-01-29 12:00:00;88326
2014-01-28 12:00:00;88185
2014-01-27 12:00:00;88050
2014-01-26 12:00:00;87957
2014-01-25 12:00:00;87835
2014-01-24 12:00:00;87717
2014-01-23 12:00:00;87618
2014-01-22 12:00:00;87481
2014-01-21 12:00:00;87355
2014-01-20 12:00:00;87217
2014-01-18 12:00:00;87103
2014-01-17 12:00:00;86879
2014-01-16 12:00:00;86776
2014-01-15 12:00:00;86643
2014-01-14 12:00:00;86515
2014-01-13 12:00:00;86387
2014-01-12 12:00:00;86288
2014-01-11 12:00:00;86176
2014-01-10 12:00:00;86049
2014-01-09 12:00:00;85923
2014-01-08 12:00:00;85788
2014-01-07 12:00:00;85654
2014-01-06 12:00:00;85522
2014-01-05 12:00:00;85411
2014-01-04 12:00:00;85288
2014-01-03 12:00:00;85141
2014-01-02 12:00:00;84985
2013-12-31 12:00:00;84861
2013-12-30 12:00:00;84690
2013-12-29 12:00:00;84591
2013-12-28 12:00:00;84447
2013-12-25 12:00:00;84293
2013-12-24 12:00:00;84175
2013-12-23 12:00:00;84026
2013-12-22 12:00:00;83943
2013-12-21 12:00:00;83867
2013-12-20 12:00:00;83772
2013-12-19 12:00:00;83682
2013-12-18 12:00:00;83570
2013-12-17 12:00:00;83447
2013-12-16 12:00:00;83329
2013-12-15 12:00:00;83237
2013-12-14 12:00:00;83138
2013-12-12 12:00:00;82945
2013-12-11 12:00:00;82821
2013-12-10 12:00:00;82692
2013-12-09 12:00:00;82569
2013-12-08 12:00:00;82438
2013-12-07 12:00:00;82387
2013-12-05 12:00:00;82310
2013-12-04 12:00:00;82108
2013-12-03 12:00:00;81985
2013-12-01 12:00:00;81775
2013-11-30 12:00:00;81678
2013-11-29 12:00:00;81545
2013-11-28 12:00:00;81451
2013-11-27 12:00:00;81318
2013-11-26 12:00:00;81186
2013-11-25 12:00:00;81055
2013-11-24 12:00:00;80963
2013-11-23 12:00:00;80866
2013-11-22 12:00:00;80745
2013-11-21 12:00:00;80658
2013-11-20 12:00:00;80525
2013-11-19 12:00:00;80379
2013-11-18 12:00:00;80242
2013-11-17 12:00:00;80149
2013-11-16 12:00:00;80021
2013-11-15 12:00:00;79894
2013-11-14 12:00:00;79798
2013-11-13 12:00:00;79667
2013-11-11 12:00:00;79375
2013-11-10 12:00:00;79273
2013-11-09 12:00:00;79169
2013-11-08 12:00:00;79048
2013-11-07 12:00:00;78944
2013-11-06 12:00:00;78814
2013-11-05 12:00:00;78662
2013-11-04 12:00:00;78523
2013-11-03 12:00:00;78432
2013-11-02 12:00:00;78366
2013-11-01 12:00:00;78233
2013-10-31 12:00:00;78147
2013-10-30 12:00:00;78006
2013-10-29 12:00:00;77868
2013-10-28 12:00:00;77730
2013-10-27 12:00:00;77632
2013-10-26 12:00:00;77528
2013-10-25 12:00:00;77394
2013-10-24 12:00:00;77273
2013-10-23 12:00:00;77116
2013-10-22 12:00:00;76969
2013-10-21 12:00:00;76827
2013-10-20 12:00:00;76730
2013-10-19 12:00:00;76619
2013-10-18 12:00:00;76479
2013-10-17 12:00:00;76371
2013-10-16 12:00:00;76232
2013-10-15 12:00:00;76089
2013-10-14 12:00:00;75948
2013-10-13 12:00:00;75855
2013-10-12 12:00:00;75744
2013-10-11 12:00:00;75623
2013-10-10 12:00:00;75529
2013-10-09 12:00:00;75396
2013-10-08 12:00:00;75259
2013-10-06 12:00:00;75133
2013-10-05 12:00:00;74906
2013-10-04 12:00:00;74793
2013-10-03 12:00:00;74699
2013-10-02 12:00:00;74558
2013-10-01 12:00:00;74421
2013-09-30 12:00:00;74287
2013-09-29 12:00:00;74192
2013-09-28 12:00:00;74098
2013-09-27 12:00:00;73974
2013-09-26 12:00:00;73866
2013-09-25 12:00:00;73731
2013-09-24 12:00:00;73593
2013-09-23 12:00:00;73459
2013-09-21 12:00:00;73264
2013-09-20 12:00:00;73145
2013-09-19 12:00:00;73039
2013-09-18 12:00:00;72901
2013-09-17 12:00:00;72775
2013-09-16 12:00:00;72644
2013-09-15 12:00:00;72548
2013-09-14 12:00:00;72431
2013-09-12 12:00:00;72315
2013-09-11 12:00:00;72208
2013-09-10 12:00:00;71953
2013-09-09 12:00:00;71824
2013-09-08 12:00:00;71742
2013-09-07 12:00:00;71625
2013-09-06 12:00:00;71487
2013-09-05 12:00:00;71394
2013-09-04 12:00:00;71267
2013-09-03 12:00:00;71145
2013-09-02 12:00:00;71018
2013-09-01 12:00:00;70937
2013-08-31 12:00:00;70838
2013-08-30 12:00:00;70724
2013-08-29 12:00:00;70638
2013-08-28 12:00:00;70486
2013-08-27 12:00:00;70371
2013-08-26 12:00:00;70242
2013-08-25 12:00:00;70173
2013-08-24 12:00:00;70081
2013-08-23 12:00:00;69975
2013-08-22 12:00:00;69882
2013-08-21 12:00:00;69758
2013-08-20 12:00:00;69675
2013-08-19 12:00:00;69543
2013-08-16 12:00:00;69516
2013-08-15 12:00:00;69503
2013-08-14 12:00:00;69492
2013-08-13 12:00:00;69481
2013-08-12 12:00:00;69475
2013-08-09 12:00:00;69414
2013-08-08 12:00:00;69400
2013-08-07 12:00:00;69367
2013-08-06 12:00:00;69343
2013-08-05 12:00:00;69311
2013-08-02 12:00:00;69266
2013-08-01 12:00:00;69239
2013-07-31 12:00:00;69214
2013-07-30 12:00:00;69183
2013-07-29 12:00:00;69156
2013-07-25 12:00:00;69154
2013-07-23 12:00:00;69147
2013-07-19 12:00:00;69145
2013-07-17 12:00:00;68928
2013-07-16 12:00:00;68926
2013-07-15 12:00:00;68916
2013-07-12 12:00:00;68664
2013-07-11 12:00:00;68466
2013-07-10 12:00:00;68417
2013-07-09 12:00:00;68339
2013-07-08 12:00:00;67934
2013-07-05 12:00:00;66814
2013-07-04 12:00:00;66665
2013-07-03 12:00:00;66650
2013-07-02 12:00:00;66636
2013-07-01 12:00:00;66610
2013-06-28 12:00:00;66589
2013-06-27 12:00:00;66584
2013-06-26 12:00:00;66551
2013-06-25 12:00:00;66540
2013-06-24 12:00:00;66533
2013-06-20 12:00:00;66513
2013-06-19 12:00:00;66502
2013-06-18 12:00:00;66498
2013-06-17 12:00:00;66466
2013-06-14 12:00:00;66319
2013-06-13 12:00:00;66165
2013-06-12 12:00:00;66093
2013-06-11 12:00:00;66063
2013-06-10 12:00:00;66022
2013-06-07 12:00:00;65965
2013-06-06 12:00:00;65909
2013-06-05 12:00:00;65862
2013-06-04 12:00:00;65817
2013-06-03 12:00:00;65774
2013-05-31 12:00:00;65712
2013-05-30 12:00:00;65682
2013-05-29 12:00:00;65652
2013-05-28 12:00:00;65618
2013-05-27 12:00:00;65585
2013-05-26 12:00:00;65491
2013-05-25 12:00:00;65435
2013-05-24 12:00:00;65340
2013-05-23 12:00:00;65242
2013-05-22 12:00:00;65130
2013-05-21 12:00:00;65020
2013-05-20 12:00:00;64904
2013-05-19 12:00:00;64821
2013-05-18 12:00:00;64717
2013-05-14 12:00:00;64582
2013-05-13 12:00:00;64474
2013-05-12 12:00:00;64422
2013-05-11 12:00:00;64323
2013-05-10 12:00:00;64210
2013-05-09 12:00:00;64162
2013-05-08 12:00:00;64022
2013-05-07 12:00:00;63908
2013-05-06 12:00:00;63790
2013-05-05 12:00:00;63707
2013-05-04 12:00:00;63619
2013-05-03 12:00:00;63494
2013-05-02 12:00:00;63375
2013-04-30 12:00:00;63283
2013-04-29 12:00:00;63164
2013-04-27 12:00:00;63011
2013-04-26 12:00:00;62888
2013-04-25 12:00:00;62767
2013-04-24 12:00:00;62659
2013-04-23 12:00:00;62540
2013-04-22 12:00:00;62425
2013-04-21 12:00:00;62345
2013-04-20 12:00:00;62237
2013-04-19 12:00:00;62115
2013-04-18 12:00:00;62028
2013-04-17 12:00:00;61867
2013-04-16 12:00:00;61736
2013-04-15 12:00:00;61602
2013-04-14 12:00:00;61509
2013-04-13 12:00:00;61399
2013-04-12 12:00:00;61271
2013-04-11 12:00:00;61167
2013-04-10 12:00:00;61030
2013-04-09 12:00:00;60901
2013-04-08 12:00:00;60768
2013-04-07 12:00:00;60672
2013-04-06 12:00:00;60560
2013-04-05 12:00:00;60446
2013-04-04 12:00:00;60332
2013-04-03 12:00:00;60213
2013-04-02 12:00:00;60073
2013-04-01 12:00:00;59963
2013-03-31 12:00:00;59875
2013-03-30 12:00:00;59787
2013-03-29 12:00:00;59728
2013-03-28 12:00:00;59625
2013-03-27 12:00:00;59447
2013-03-26 12:00:00;59316
2013-03-25 12:00:00;59182
2013-03-24 12:00:00;59097
2013-03-23 12:00:00;58991
2013-03-22 12:00:00;58864
2013-03-21 12:00:00;58740
2013-03-20 12:00:00;58595
2013-03-19 12:00:00;58474
2013-03-18 12:00:00;58338
2013-03-17 12:00:00;58263
2013-03-16 12:00:00;58156
2013-03-14 12:00:00;57906
2013-03-13 12:00:00;57769
2013-03-12 12:00:00;57632
2013-03-11 12:00:00;57490
2013-03-10 12:00:00;57397
2013-03-09 12:00:00;57270
2013-03-08 12:00:00;57145
2013-03-07 12:00:00;57065
2013-03-06 12:00:00;56893
2013-03-05 12:00:00;56761
2013-03-04 12:00:00;56631
2013-03-03 12:00:00;56522
2013-03-02 12:00:00;56418
2013-03-01 12:00:00;56285
2013-02-28 12:00:00;56163
2013-02-27 12:00:00;56029
2013-02-26 12:00:00;55894
2013-02-25 12:00:00;55758
2013-02-24 12:00:00;55649
2013-02-23 12:00:00;55527
2013-02-22 12:00:00;55391
2013-02-21 12:00:00;55255
2013-02-20 12:00:00;55103
2013-02-19 12:00:00;54955
2013-02-18 12:00:00;54806
2013-02-17 12:00:00;54700
2013-02-16 12:00:00;54605
2013-02-15 12:00:00;54480
2013-02-14 12:00:00;54398
2013-02-13 12:00:00;54250
2013-02-12 12:00:00;54117
2013-02-11 12:00:00;53991
2013-02-10 12:00:00;53896
2013-02-09 12:00:00;53792
2013-02-08 12:00:00;53657
2013-02-07 12:00:00;53529
2013-02-06 12:00:00;53389
2013-02-05 12:00:00;53195
2013-02-04 12:00:00;53038
2013-02-03 12:00:00;52948
2013-02-02 12:00:00;52817
2013-02-01 12:00:00;52702
2013-01-31 12:00:00;52582
2013-01-30 12:00:00;52430
2013-01-29 12:00:00;52285
2013-01-28 12:00:00;52149
2013-01-27 12:00:00;52052
2013-01-26 12:00:00;51947
2013-01-25 12:00:00;51825
2013-01-24 12:00:00;51715
2013-01-23 12:00:00;51575
2013-01-22 12:00:00;51435
2013-01-21 12:00:00;51307
2013-01-20 12:00:00;51215
2013-01-19 12:00:00;51104
2013-01-18 12:00:00;50982
2013-01-17 12:00:00;50840
2013-01-16 12:00:00;50730
2013-01-15 12:00:00;50607
2013-01-14 12:00:00;50470
2013-01-13 12:00:00;50371
2013-01-12 12:00:00;50260
2013-01-11 12:00:00;50126
2013-01-10 12:00:00;49978
2013-01-09 12:00:00;49847
2013-01-08 12:00:00;49724
2013-01-07 12:00:00;49593
2013-01-06 12:00:00;49476
2013-01-05 12:00:00;49367
2013-01-04 12:00:00;49223
2013-01-03 12:00:00;48931
2012-12-31 12:00:00;48779
2012-12-30 12:00:00;48688
2012-12-29 12:00:00;48598
2012-12-28 12:00:00;48476
2012-12-27 12:00:00;48374
2012-12-26 12:00:00;48272
2012-12-23 12:00:00;48195
2012-12-22 12:00:00;48084
2012-12-21 12:00:00;47995
2012-12-20 12:00:00;47917
2012-12-19 12:00:00;47817
2012-12-18 12:00:00;47707
2012-12-17 12:00:00;47597
2012-12-15 12:00:00;47426
2012-12-14 12:00:00;47322
2012-12-12 12:00:00;47115
2012-12-11 12:00:00;46984
2012-12-10 12:00:00;46872
2012-12-09 12:00:00;46794
2012-12-08 12:00:00;46709
2012-12-06 12:00:00;46543
2012-12-05 12:00:00;46431
2012-12-04 12:00:00;46319
2012-12-03 12:00:00;46204
2012-12-02 12:00:00;46135
2012-12-01 12:00:00;46031
2012-11-29 12:00:00;45806
2012-11-28 12:00:00;45667
2012-11-27 12:00:00;45550
2012-11-25 12:00:00;45337
2012-11-24 12:00:00;45239
2012-11-23 12:00:00;45106
2012-11-22 12:00:00;45008
2012-11-21 12:00:00;44887
2012-11-20 12:00:00;44721
2012-11-19 12:00:00;44598
2012-11-18 12:00:00;44492
2012-11-17 12:00:00;44389
2012-11-16 12:00:00;44268
2012-11-15 12:00:00;44184
2012-11-14 12:00:00;44020
2012-11-13 12:00:00;43898
2012-11-12 12:00:00;43776
2012-11-11 12:00:00;43709
2012-11-10 12:00:00;43597
2012-11-09 12:00:00;43475
2012-11-08 12:00:00;43370
2012-11-07 12:00:00;43238
2012-11-06 12:00:00;43112
2012-11-05 12:00:00;42992
2012-11-04 12:00:00;42885
2012-11-03 12:00:00;42808
2012-11-02 12:00:00;42689
2012-11-01 12:00:00;42583
2012-10-31 12:00:00;42451
2012-10-30 12:00:00;42322
2012-10-29 12:00:00;42189
2012-10-28 12:00:00;42118
2012-10-27 12:00:00;42059
2012-10-26 12:00:00;41934
2012-10-25 12:00:00;41812
2012-10-24 12:00:00;41635
2012-10-23 12:00:00;41517
2012-10-22 12:00:00;41380
2012-10-21 12:00:00;41289
2012-10-20 12:00:00;41152
2012-10-19 12:00:00;41026
2012-10-18 12:00:00;40901
2012-10-17 12:00:00;40766
2012-10-16 12:00:00;40642
2012-10-15 12:00:00;40503
2012-10-14 12:00:00;40404
2012-10-13 12:00:00;40308
2012-10-11 12:00:00;40188
2012-10-10 12:00:00;40101
2012-10-09 12:00:00;39834
2012-10-08 12:00:00;39707
2012-10-07 12:00:00;39605
2012-10-06 12:00:00;39497
2012-10-05 12:00:00;39369
2012-10-04 12:00:00;39255
2012-10-03 12:00:00;39125
2012-10-02 12:00:00;39004
2012-10-01 12:00:00;38880
2012-09-30 12:00:00;38785
2012-09-29 12:00:00;38695
2012-09-28 12:00:00;38593
2012-09-27 12:00:00;38446
2012-09-26 12:00:00;38308
2012-09-25 12:00:00;38197
2012-09-24 12:00:00;38073
2012-09-23 12:00:00;37962
2012-09-22 12:00:00;37841
2012-09-21 12:00:00;37709
2012-09-20 12:00:00;37621
2012-09-19 12:00:00;37467
2012-09-18 12:00:00;37332
2012-09-17 12:00:00;37202
2012-09-16 12:00:00;37113
2012-09-15 12:00:00;37012
2012-09-14 12:00:00;36892
2012-09-13 12:00:00;36769
2012-09-12 12:00:00;36638
2012-09-11 12:00:00;36523
2012-09-10 12:00:00;36403
2012-09-09 12:00:00;36295
2012-09-08 12:00:00;36178
2012-09-07 12:00:00;36054
2012-09-06 12:00:00;35958
2012-09-05 12:00:00;35832
2012-09-04 12:00:00;35719
2012-09-03 12:00:00;35592
2012-09-02 12:00:00;35501
2012-09-01 12:00:00;35409
2012-08-31 12:00:00;35293
2012-08-30 12:00:00;35217
2012-08-29 12:00:00;35084
2012-08-28 12:00:00;34967
2012-08-27 12:00:00;34840
2012-08-26 12:00:00;34755
2012-08-25 12:00:00;34672
2012-08-24 12:00:00;34562
2012-08-23 12:00:00;34467
2012-08-22 12:00:00;34348
2012-08-21 12:00:00;34249
2012-08-20 12:00:00;34175
2012-08-16 12:00:00;34111
2012-08-15 12:00:00;34105
2012-08-14 12:00:00;34093
2012-08-13 12:00:00;34088
2012-08-10 12:00:00;34065
2012-08-09 12:00:00;34062
2012-08-08 12:00:00;34055
2012-08-07 12:00:00;34049
2012-08-06 12:00:00;34039
2012-08-03 12:00:00;34020
2012-08-02 12:00:00;34017
2012-08-01 12:00:00;34014
2012-07-31 12:00:00;34011
2012-07-30 12:00:00;33991
2012-07-27 12:00:00;33984
2012-07-26 12:00:00;33945
2012-07-25 12:00:00;33927
2012-07-24 12:00:00;33924
2012-07-23 12:00:00;33903
2012-07-20 12:00:00;33895
2012-07-19 12:00:00;33874
2012-07-18 12:00:00;33850
2012-07-17 12:00:00;33830
2012-07-16 12:00:00;33808
2012-07-13 12:00:00;33629
2012-07-12 12:00:00;33607
2012-07-11 12:00:00;33604
2012-07-10 12:00:00;33599
2012-07-09 12:00:00;33595
2012-07-06 12:00:00;33572
2012-07-05 12:00:00;33565
2012-07-04 12:00:00;33559
2012-07-03 12:00:00;33393
2012-07-02 12:00:00;33390
2012-06-29 12:00:00;33374
2012-06-28 12:00:00;33369
2012-06-27 12:00:00;33348
2012-06-25 12:00:00;33332
2012-06-24 12:00:00;33245
2012-06-19 12:00:00;33147
2012-06-18 12:00:00;33143
2012-06-15 12:00:00;33081
2012-06-14 12:00:00;33060
2012-06-13 12:00:00;33022
2012-06-12 12:00:00;33001
2012-06-11 12:00:00;32925
2012-06-10 12:00:00;32857
2012-06-09 12:00:00;32749
2012-06-08 12:00:00;32670
2012-06-07 12:00:00;32577
2012-06-06 12:00:00;32527
2012-06-05 12:00:00;32498
2012-06-04 12:00:00;32463
2012-06-01 12:00:00;32408
2012-05-31 12:00:00;32339
2012-05-30 12:00:00;32308
2012-05-29 12:00:00;32268
2012-05-25 12:00:00;32119
2012-05-24 12:00:00;32084
2012-05-22 12:00:00;32003
2012-05-21 12:00:00;31931
2012-05-20 12:00:00;31864
2012-05-19 12:00:00;31783
2012-05-18 12:00:00;31675
2012-05-17 12:00:00;31588
2012-05-16 12:00:00;31483
2012-05-15 12:00:00;31389
2012-05-14 12:00:00;31256
2012-05-13 12:00:00;31198
2012-05-12 12:00:00;31075
2012-05-11 12:00:00;30960
2012-05-10 12:00:00;30865
2012-05-09 12:00:00;30748
2012-05-08 12:00:00;30647
2012-05-07 12:00:00;30575
2012-05-06 12:00:00;30444
2012-05-05 12:00:00;30324
2012-05-04 12:00:00;30202
2012-05-03 12:00:00;30109
2012-05-02 12:00:00;30082
2012-05-01 12:00:00;29992
2012-04-30 12:00:00;29870
2012-04-29 12:00:00;29793
2012-04-28 12:00:00;29707
2012-04-27 12:00:00;29594
2012-04-26 12:00:00;29499
2012-04-25 12:00:00;29385
2012-04-24 12:00:00;29278
2012-04-23 12:00:00;29158
2012-04-22 12:00:00;29064
2012-04-21 12:00:00;28959
2012-04-20 12:00:00;28837
2012-04-19 12:00:00;28744
2012-04-18 12:00:00;28610
2012-04-17 12:00:00;28510
2012-04-16 12:00:00;28380
2012-04-15 12:00:00;28298
2012-04-14 12:00:00;28186
2012-04-13 12:00:00;28018
2012-04-12 12:00:00;27916
2012-04-11 12:00:00;27778
2012-04-10 12:00:00;27648
2012-04-09 12:00:00;27561
2012-04-08 12:00:00;27481
2012-04-07 12:00:00;27363
2012-04-06 12:00:00;27268
2012-04-05 12:00:00;27182
2012-04-04 12:00:00;27042
2012-04-03 12:00:00;26923
2012-04-02 12:00:00;26798
2012-04-01 12:00:00;26713
2012-03-31 12:00:00;26603
2012-03-30 12:00:00;26490
2012-03-29 12:00:00;26368
2012-03-28 12:00:00;26242
2012-03-27 12:00:00;26137
2012-03-26 12:00:00;25997
2012-03-25 12:00:00;25907
2012-03-24 12:00:00;25790
2012-03-23 12:00:00;25667
2012-03-22 12:00:00;25547
2012-03-21 12:00:00;25434
2012-03-20 12:00:00;25311
2012-03-19 12:00:00;25186
2012-03-18 12:00:00;25110
2012-03-17 12:00:00;24963
2012-03-16 12:00:00;24835
2012-03-15 12:00:00;24721
2012-03-14 12:00:00;24597
2012-03-13 12:00:00;24506
2012-03-12 12:00:00;24334
2012-03-11 12:00:00;24251
2012-03-10 12:00:00;24141
2012-03-09 12:00:00;24018
2012-03-08 12:00:00;23903
2012-03-07 12:00:00;23762
2012-03-06 12:00:00;23620
2012-03-05 12:00:00;23495
2012-03-04 12:00:00;23413
2012-03-03 12:00:00;23303
2012-03-02 12:00:00;23153
2012-03-01 12:00:00;23039
2012-02-29 12:00:00;22900
2012-02-28 12:00:00;22784
2012-02-27 12:00:00;22657
2012-02-26 12:00:00;22573
2012-02-25 12:00:00;22457
2012-02-24 12:00:00;22317
2012-02-23 12:00:00;22196
2012-02-22 12:00:00;22053
2012-02-21 12:00:00;21915
2012-02-20 12:00:00;21786
2012-02-19 12:00:00;21702
2012-02-18 12:00:00;21624
2012-02-17 12:00:00;21512
2012-02-16 12:00:00;21411
2012-02-15 12:00:00;21295
2012-02-14 12:00:00;21193
2012-02-13 12:00:00;21083
2012-02-12 12:00:00;20999
2012-02-11 12:00:00;20914
2012-02-10 12:00:00;20792
2012-02-09 12:00:00;20688
2012-02-08 12:00:00;20564
2012-02-07 12:00:00;20465
2012-02-06 12:00:00;20348
2012-02-05 12:00:00;20271
2012-02-04 12:00:00;20181
2012-02-03 12:00:00;20075
2012-02-02 12:00:00;19984
2012-02-01 12:00:00;19853
2012-01-31 12:00:00;19740
2012-01-30 12:00:00;19648
2012-01-29 12:00:00;19529
2012-01-28 12:00:00;19435
2012-01-27 12:00:00;19308
2012-01-26 12:00:00;19207
2012-01-25 12:00:00;19083
2012-01-24 12:00:00;18978
2012-01-23 12:00:00;18860
2012-01-22 12:00:00;18775
2012-01-21 12:00:00;18676
2012-01-20 12:00:00;18578
2012-01-19 12:00:00;18473
2012-01-18 12:00:00;18327
2012-01-17 12:00:00;18218
2012-01-16 12:00:00;18104
2012-01-15 12:00:00;18017
2012-01-14 12:00:00;17904
2012-01-13 12:00:00;17844
2012-01-12 12:00:00;17712
2012-01-11 12:00:00;17593
2012-01-10 12:00:00;17479
2012-01-09 12:00:00;17365
2012-01-08 12:00:00;17268
2012-01-07 12:00:00;17159
2012-01-06 12:00:00;17049
2012-01-05 12:00:00;16914
2012-01-04 12:00:00;16766
2012-01-03 12:00:00;16641
2012-01-02 12:00:00;16493
